Workbook

Sheet Cleaned_dataset
A1: Product ID | B1: SKU | C1: Product | D1: Category | E1: Brand | F1: Supplier | G1: Unit Cost (£) | H1: Selling Price (£) | I1: Stock Quantity | J1: Reorder Level | K1: Warehouse Location | L1: Last Restocked | M1: Stock Value | N1: Reorder Flag
A2: PRD00001 | B2: EC-ELE-0001 | C2: PixelWorks Travel Webcam | D2: Electronics | E2: Pixelworks | F2: Dovetail Trading Co. | G2: 81.1 | H2: 188.36 | I2: 215 | J2: 40 | K2: LON-A1 | L2: 46195 | M2: =IF(I2="","Unavailable",G2*I2) -> 17436.5 | N2: =IF(I2="","Unavailable",IF(I2<=J2,"Reorder","Sufficient Stock")) -> Sufficient Stock
A3: PRD00002 | B3: EC-ELE-0002 | C3: Everyday Co. Pro Phone Charger | D3: Electronics | E3: Everyday Co. | F3: Everwell Supply | G3: 69.66 | H3: 146.54 | I3: 160 | J3: 15 | K3: MAN-A1 | M3: =IF(I3="","Unavailable",G3*I3) -> 11145.6 | N3: =IF(I3="","Unavailable",IF(I3<=J3,"Reorder","Sufficient Stock")) -> Sufficient Stock
A4: PRD00003 | B4: EC-HOM-0003 | C4: Kindred Travel LED Strip Lights | D4: Home & Office | E4: Kindred | F4: Juniper Merchants | G4: 9.62 | H4: 18.68 | I4: 147 | J4: 40 | K4: MAN-A1 | L4: 45580 | M4: =IF(I4="","Unavailable",G4*I4) -> 1414.14 | N4: =IF(I4="","Unavailable",IF(I4<=J4,"Reorder","Sufficient Stock")) -> Sufficient Stock
A5: PRD00004 | B5: EC-KIT-0004 | C5: PixelWorks Essential Food Storage Set - Charcoal | D5: Kitchen | E5: Pixelworks | F5: Greenway Goods | G5: 75.97 | H5: 148.89 | I5: 59 | J5: 30 | K5: GLA-A2 | L5: 46297 | M5: =IF(I5="","Unavailable",G5*I5) -> 4482.23 | N5: =IF(I5="","Unavailable",IF(I5<=J5,"Reorder","Sufficient Stock")) -> Sufficient Stock
A6: PRD00005 | B6: EC-ACC-0005 | C6: Kite & Key Essential Screen Protector | D6: Accessories | E6: Kite & Key | F6: Juniper Merchants | G6: 4.3 | H6: 6.87 | I6: 66 | J6: 5 | K6: BHM-C3 | L6: 45502 | M6: =IF(I6="","Unavailable",G6*I6) -> 283.8 | N6: =IF(I6="","Unavailable",IF(I6<=J6,"Reorder","Sufficient Stock")) -> Sufficient Stock
A7: PRD00006 | B7: EC-HOM-0006 | C7: Morrow Everyday Desk Lamp | D7: Home & Office | E7: Morrow | F7: Ivory Peak Logistics | G7: 40.02 | H7: 74.69 | I7: 128 | J7: 30 | K7: LDS-B1 | L7: 45922 | M7: =IF(I7="","Unavailable",G7*I7) -> 5122.56 | N7: =IF(I7="","Unavailable",IF(I7<=J7,"Reorder","Sufficient Stock")) -> Sufficient Stock
A8: PRD00007 | B8: EC-BEA-0007 | C8: Harbour & Hill Deluxe Hand Cream | D8: Beauty | E8: Harbour & Hill | F8: Dovetail Trading Co. | G8: 24.48 | H8: 33.94 | J8: 40 | K8: MAN-A1 | L8: 46029 | M8: =IF(I8="","Unavailable",G8*I8) -> Unavailable | N8: =IF(I8="","Unavailable",IF(I8<=J8,"Reorder","Sufficient Stock")) -> Unavailable
A9: PRD00008 | B9: EC-BEA-0008 | C9: Morrow Travel Shampoo | D9: Beauty | E9: Morrow | F9: Bluegate Distribution | G9: 48.39 | H9: 113.62 | I9: 148 | J9: 25 | K9: BHM-C3 | L9: 46229 | M9: =IF(I9="","Unavailable",G9*I9) -> 7161.72 | N9: =IF(I9="","Unavailable",IF(I9<=J9,"Reorder","Sufficient Stock")) -> Sufficient Stock
A10: PRD00009 | B10: EC-PET-0009 | C10: Oak & Ember Essential Dog Lead | D10: Pet Supplies | E10: Oak & Ember | F10: Unknown | G10: 71.95 | H10: 135.05 | I10: 32 | J10: 20 | K10: LON-A1 | L10: 46312 | M10: =IF(I10="","Unavailable",G10*I10) -> 2302.4 | N10: =IF(I10="","Unavailable",IF(I10<=J10,"Reorder","Sufficient Stock")) -> Sufficient Stock
A11: PRD00010 | B11: EC-ACC-0010 | C11: Urban Field Essential Screen Protector - Black | D11: Accessories | E11: Urban Field | F11: Bluegate Distribution | G11: 39.56 | H11: 77.19 | I11: 42 | J11: 15 | K11: GLA-A2 | L11: 45799 | M11: =IF(I11="","Unavailable",G11*I11) -> 1661.52 | N11: =IF(I11="","Unavailable",IF(I11<=J11,"Reorder","Sufficient Stock")) -> Sufficient Stock
A12: PRD00011 | B12: EC-GAR-0011 | C12: Oak & Ember Eco Garden Gloves - Rose | D12: Garden | E12: Oak & Ember | F12: Harbour Stockists | G12: 28.15 | H12: 56.06 | I12: 251 | J12: 12 | K12: GLA-A2 | M12: =IF(I12="","Unavailable",G12*I12) -> 7065.65 | N12: =IF(I12="","Unavailable",IF(I12<=J12,"Reorder","Sufficient Stock")) -> Sufficient Stock
A13: PRD00012 | B13: EC-TRA-0012 | C13: Kindred Travel Packing Cubes - Sage | D13: Travel | E13: Kindred | F13: Crownline Imports | G13: 57.56 | H13: 136.91 | I13: 156 | J13: 30 | K13: GLA-A2 | L13: 46091 | M13: =IF(I13="","Unavailable",G13*I13) -> 8979.36 | N13: =IF(I13="","Unavailable",IF(I13<=J13,"Reorder","Sufficient Stock")) -> Sufficient Stock
A14: PRD00013 | B14: EC-HOM-0013 | C14: Northstar Compact LED Strip Lights | D14: Home & Office | E14: Northstar | F14: Ivory Peak Logistics | G14: 6.45 | H14: 11.17 | I14: 180 | J14: 5 | K14: BHM-C3 | L14: 45344 | M14: =IF(I14="","Unavailable",G14*I14) -> 1161 | N14: =IF(I14="","Unavailable",IF(I14<=J14,"Reorder","Sufficient Stock")) -> Sufficient Stock
A15: PRD00014 | B15: EC-FIT-0014 | C15: Morrow Mini Yoga Mat | D15: Fitness | E15: Morrow | F15: Greenway Goods | G15: 40.83 | H15: 82.9 | I15: 87 | J15: 12 | K15: GLA-A2 | L15: 45715 | M15: =IF(I15="","Unavailable",G15*I15) -> 3552.21 | N15: =IF(I15="","Unavailable",IF(I15<=J15,"Reorder","Sufficient Stock")) -> Sufficient Stock
A16: PRD00015 | B16: EC-BEA-0015 | C16: Kite & Key Everyday Facial Cleanser | D16: Beauty | E16: Kite & Key | F16: Harbour Stockists | G16: 5.03 | H16: 10.37 | I16: 88 | J16: 5 | K16: LDS-B1 | L16: 45390 | M16: =IF(I16="","Unavailable",G16*I16) -> 442.64 | N16: =IF(I16="","Unavailable",IF(I16<=J16,"Reorder","Sufficient Stock")) -> Sufficient Stock
A17: PRD00016 | B17: EC-BEA-0016 | C17: Kindred Eco Hand Cream - Black | D17: Beauty | E17: Kindred | F17: Greenway Goods | G17: 46.08 | H17: 102.02 | I17: 70 | J17: 12 | K17: MAN-A1 | L17: 45672 | M17: =IF(I17="","Unavailable",G17*I17) -> 3225.6 | N17: =IF(I17="","Unavailable",IF(I17<=J17,"Reorder","Sufficient Stock")) -> Sufficient Stock
A18: PRD00017 | B18: EC-GAR-0017 | C18: Harbour & Hill Compact Garden Gloves | D18: Garden | E18: Harbour & Hill | F18: Harbour Stockists | G18: 30.69 | H18: 50.33 | I18: 254 | J18: 30 | K18: LON-B2 | L18: 45881 | M18: =IF(I18="","Unavailable",G18*I18) -> 7795.26 | N18: =IF(I18="","Unavailable",IF(I18<=J18,"Reorder","Sufficient Stock")) -> Sufficient Stock
A19: PRD00018 | B19: EC-PET-0018 | C19: Morrow Essential Cat Toy | D19: Pet Supplies | E19: Morrow | F19: Aster Wholesale Ltd | G19: 45.65 | H19: 75.38 | I19: 48 | J19: 15 | K19: LON-A1 | L19: 45765 | M19: =IF(I19="","Unavailable",G19*I19) -> 2191.2 | N19: =IF(I19="","Unavailable",IF(I19<=J19,"Reorder","Sufficient Stock")) -> Sufficient Stock
A20: PRD00019 | B20: EC-KIT-0019 | C20: Harbour & Hill Travel Coffee Grinder | D20: Kitchen | E20: Harbour & Hill | F20: Ivory Peak Logistics | G20: 31.34 | H20: 47.71 | I20: 110 | J20: 10 | K20: GLA-A2 | L20: 45866 | M20: =IF(I20="","Unavailable",G20*I20) -> 3447.4 | N20: =IF(I20="","Unavailable",IF(I20<=J20,"Reorder","Sufficient Stock")) -> Sufficient Stock
A21: PRD00020 | B21: EC-HOM-0020 | C21: Kite & Key Pro Water Bottle | D21: Home & Office | E21: Kite & Key | F21: Crownline Imports | G21: 48.21 | H21: 70.46 | I21: 135 | J21: 10 | K21: LON-A1 | L21: 46185 | M21: =IF(I21="","Unavailable",G21*I21) -> 6508.35 | N21: =IF(I21="","Unavailable",IF(I21<=J21,"Reorder","Sufficient Stock")) -> Sufficient Stock
A22: PRD00021 | B22: EC-ELE-0021 | C22: PixelWorks Plus Laptop Stand | D22: Electronics | E22: Pixelworks | F22: Crownline Imports | G22: 11 | H22: 18.64 | I22: 32 | J22: 20 | K22: MAN-A1 | L22: 45936 | M22: =IF(I22="","Unavailable",G22*I22) -> 352 | N22: =IF(I22="","Unavailable",IF(I22<=J22,"Reorder","Sufficient Stock")) -> Sufficient Stock
A23: PRD00022 | B23: EC-ELE-0022 | C23: Northstar Deluxe Mechanical Keyboard | D23: Electronics | E23: Northstar | F23: Bluegate Distribution | G23: 3.48 | H23: 5.07 | I23: 11 | J23: 20 | K23: LDS-B1 | L23: 45543 | M23: =IF(I23="","Unavailable",G23*I23) -> 38.28 | N23: =IF(I23="","Unavailable",IF(I23<=J23,"Reorder","Sufficient Stock")) -> Reorder
A24: PRD00023 | B24: EC-BOO-0023 | C24: PixelWorks Mini Cookbook | D24: Books | E24: Pixelworks | F24: Juniper Merchants | G24: 56.41 | H24: 114.32 | I24: 206 | J24: 25 | K24: BHM-C3 | L24: 45733 | M24: =IF(I24="","Unavailable",G24*I24) -> 11620.46 | N24: =IF(I24="","Unavailable",IF(I24<=J24,"Reorder","Sufficient Stock")) -> Sufficient Stock
... A55: PRD00054 | B55: EC-STA-0054 | C55: Nova Supply Premium Ballpoint Pens | D55: Stationery | E55: Nova Supply | F55: Ivory Peak Logistics | G55: 42.75 | H55: 83.39 | I55: 14 | J55: 20 | K55: MAN-A1 | L55: 45744 | M55: =IF(I55="","Unavailable",G55*I55) -> 598.5 | N55: =IF(I55="","Unavailable",IF(I55<=J55,"Reorder","Sufficient Stock")) -> Reorder
A56: PRD00055 | B56: EC-ELE-0055 | C56: Morrow Eco Phone Charger - Charcoal | D56: Electronics | E56: Morrow | F56: Aster Wholesale Ltd | G56: 29.07 | H56: 62.1 | I56: 20 | J56: 40 | K56: LON-A1 | M56: =IF(I56="","Unavailable",G56*I56) -> 581.4 | N56: =IF(I56="","Unavailable",IF(I56<=J56,"Reorder","Sufficient Stock")) -> Reorder
A57: PRD00056 | B57: EC-HOM-0056 | C57: Kindred Plus Desk Organiser | D57: Home & Office | E57: Kindred | F57: Dovetail Trading Co. | G57: 4.53 | H57: 8.62 | I57: 46 | J57: 30 | K57: LON-B2 | L57: 46179 | M57: =IF(I57="","Unavailable",G57*I57) -> 208.38 | N57: =IF(I57="","Unavailable",IF(I57<=J57,"Reorder","Sufficient Stock")) -> Sufficient Stock
A58: PRD00057 | B58: EC-APP-0057 | C58: Nova Supply Essential Cotton T-Shirt | D58: Apparel | E58: Nova Supply | F58: Dovetail Trading Co. | G58: 46.57 | H58: 107.46 | I58: 216 | J58: 40 | K58: MAN-A1 | L58: 46035 | M58: =IF(I58="","Unavailable",G58*I58) -> 10059.12 | N58: =IF(I58="","Unavailable",IF(I58<=J58,"Reorder","Sufficient Stock")) -> Sufficient Stock
A59: PRD00058 | B59: EC-ACC-0058 | C59: Cedar Lane Studio Sunglasses - Blue | D59: Accessories | E59: Cedar Lane | F59: Juniper Merchants | G59: 76.47 | H59: 165.4 | I59: 59 | J59: 10 | K59: LDS-B1 | L59: 46016 | M59: =IF(I59="","Unavailable",G59*I59) -> 4511.73 | N59: =IF(I59="","Unavailable",IF(I59<=J59,"Reorder","Sufficient Stock")) -> Sufficient Stock
A60: PRD00059 | B60: EC-ELE-0059 | C60: Urban Field Everyday Webcam - Charcoal | D60: Electronics | E60: Urban Field | F60: Everwell Supply | G60: 80.69 | H60: 196.18 | I60: 15 | J60: 12 | K60: LDS-B1 | L60: 45842 | M60: =IF(I60="","Unavailable",G60*I60) -> 1210.35 | N60: =IF(I60="","Unavailable",IF(I60<=J60,"Reorder","Sufficient Stock")) -> Sufficient Stock
A61: PRD00060 | B61: EC-ACC-0060 | C61: Northstar Essential Phone Case | D61: Accessories | E61: Northstar | F61: Ivory Peak Logistics | G61: 24.81 | H61: 43.16 | I61: 70 | J61: 10 | K61: LON-B2 | L61: 45586 | M61: =IF(I61="","Unavailable",G61*I61) -> 1736.7 | N61: =IF(I61="","Unavailable",IF(I61<=J61,"Reorder","Sufficient Stock")) -> Sufficient Stock
A62: PRD00061 | B62: EC-BEA-0061 | C62: Harbour & Hill Studio Facial Cleanser - Graphite | D62: Beauty | E62: Harbour & Hill | F62: Harbour Stockists | G62: 60.01 | H62: 117.99 | I62: 130 | J62: 10 | K62: MAN-A1 | L62: 46236 | M62: =IF(I62="","Unavailable",G62*I62) -> 7801.3 | N62: =IF(I62="","Unavailable",IF(I62<=J62,"Reorder","Sufficient Stock")) -> Sufficient Stock
A63: PRD00062 | B63: EC-PET-0062 | C63: Cedar Lane Compact Cat Toy | D63: Pet Supplies | E63: Cedar Lane | F63: Juniper Merchants | G63: 8.87 | H63: 12.38 | I63: 231 | J63: 10 | K63: BHM-C3 | L63: 46083 | M63: =IF(I63="","Unavailable",G63*I63) -> 2048.97 | N63: =IF(I63="","Unavailable",IF(I63<=J63,"Reorder","Sufficient Stock")) -> Sufficient Stock
A64: PRD00063 | B64: EC-BEA-0063 | C64: Cedar Lane Classic Hand Cream | D64: Beauty | E64: Cedar Lane | F64: Aster Wholesale Ltd | G64: 13.32 | H64: 19.52 | I64: 47 | J64: 12 | K64: LON-A1 | L64: 45814 | M64: =IF(I64="","Unavailable",G64*I64) -> 626.04 | N64: =IF(I64="","Unavailable",IF(I64<=J64,"Reorder","Sufficient Stock")) -> Sufficient Stock
A65: PRD00064 | B65: EC-ELE-0064 | C65: Kite & Key Travel Mechanical Keyboard | D65: Electronics | E65: Kite & Key | F65: Dovetail Trading Co. | G65: 73.12 | H65: 125.65 | I65: 78 | J65: 20 | K65: MAN-A1 | L65: 46256 | M65: =IF(I65="","Unavailable",G65*I65) -> 5703.36 | N65: =IF(I65="","Unavailable",IF(I65<=J65,"Reorder","Sufficient Stock")) -> Sufficient Stock
A66: PRD00065 | B66: EC-BEA-0065 | C66: Kindred Everyday Facial Cleanser - Charcoal | D66: Beauty | E66: Kindred | F66: Juniper Merchants | G66: 73.51 | H66: 124.52 | I66: 21 | J66: 40 | K66: LON-B2 | L66: 45802 | M66: =IF(I66="","Unavailable",G66*I66) -> 1543.71 | N66: =IF(I66="","Unavailable",IF(I66<=J66,"Reorder","Sufficient Stock")) -> Reorder
A67: PRD00066 | B67: EC-HOM-0066 | C67: Everyday Co. Studio Ergonomic Chair | D67: Home & Office | E67: Everyday Co. | F67: Ivory Peak Logistics | G67: 42.18 | H67: 57.7 | I67: 111 | J67: 30 | K67: BHM-C3 | L67: 45361 | M67: =IF(I67="","Unavailable",G67*I67) -> 4681.98 | N67: =IF(I67="","Unavailable",IF(I67<=J67,"Reorder","Sufficient Stock")) -> Sufficient Stock
A68: PRD00067 | B68: EC-HOM-0067 | C68: Brightline Travel Travel Mug | D68: Home & Office | E68: Brightline | F68: Ivory Peak Logistics | G68: 37.95 | H68: 81.93 | I68: 13 | J68: 25 | K68: LON-A1 | L68: 45632 | M68: =IF(I68="","Unavailable",G68*I68) -> 493.35 | N68: =IF(I68="","Unavailable",IF(I68<=J68,"Reorder","Sufficient Stock")) -> Reorder
... A90: PRD00089 | B90: EC-ELE-0089 | C90: PixelWorks Everyday Phone Charger | D90: Electronics | E90: Pixelworks | F90: Aster Wholesale Ltd | G90: 80.9 | H90: 190.72 | I90: 216 | J90: 12 | K90: LDS-B1 | L90: 45478 | M90: =IF(I90="","Unavailable",G90*I90) -> 17474.4 | N90: =IF(I90="","Unavailable",IF(I90<=J90,"Reorder","Sufficient Stock")) -> Sufficient Stock
A91: PRD00090 | B91: EC-ACC-0090 | C91: Everyday Co. Essential Backpack - Blue | D91: Accessories | E91: Everyday Co. | F91: Greenway Goods | G91: 41.58 | H91: 90.31 | J91: 30 | K91: LDS-B1 | L91: 45663 | M91: =IF(I91="","Unavailable",G91*I91) -> Unavailable | N91: =IF(I91="","Unavailable",IF(I91<=J91,"Reorder","Sufficient Stock")) -> Unavailable
A92: PRD00091 | B92: EC-APP-0091 | C92: Kindred Travel Running Socks - Natural | D92: Apparel | E92: Kindred | F92: Everwell Supply | G92: 11.22 | H92: 26.89 | I92: 5 | J92: 12 | K92: BHM-C3 | L92: 45921 | M92: =IF(I92="","Unavailable",G92*I92) -> 56.1 | N92: =IF(I92="","Unavailable",IF(I92<=J92,"Reorder","Sufficient Stock")) -> Reorder
A93: PRD00092 | B93: EC-APP-0092 | C93: PixelWorks Compact Cotton T-Shirt | D93: Apparel | E93: Pixelworks | F93: Juniper Merchants | G93: 9.05 | H93: 19.87 | I93: 135 | J93: 25 | K93: GLA-A2 | L93: 46166 | M93: =IF(I93="","Unavailable",G93*I93) -> 1221.75 | N93: =IF(I93="","Unavailable",IF(I93<=J93,"Reorder","Sufficient Stock")) -> Sufficient Stock
A94: PRD00093 | B94: EC-APP-0093 | C94: Kindred Studio Cotton T-Shirt - Natural | D94: Apparel | E94: Kindred | F94: Greenway Goods | G94: 36.9 | H94: 51.2 | J94: 40 | K94: LDS-B1 | L94: 45886 | M94: =IF(I94="","Unavailable",G94*I94) -> Unavailable | N94: =IF(I94="","Unavailable",IF(I94<=J94,"Reorder","Sufficient Stock")) -> Unavailable
A95: PRD00094 | B95: EC-HOM-0094 | C95: Kindred Plus Water Bottle | D95: Home & Office | E95: Kindred | F95: Juniper Merchants | G95: 31.83 | H95: 61.08 | I95: 135 | J95: 20 | K95: LON-B2 | L95: 45517 | M95: =IF(I95="","Unavailable",G95*I95) -> 4297.05 | N95: =IF(I95="","Unavailable",IF(I95<=J95,"Reorder","Sufficient Stock")) -> Sufficient Stock
A96: PRD00095 | B96: EC-HOM-0095 | C96: Kite & Key Studio Ergonomic Chair | D96: Home & Office | E96: Kite & Key | F96: Greenway Goods | G96: 62.48 | H96: 150.33 | I96: 62 | J96: 25 | K96: GLA-A2 | M96: =IF(I96="","Unavailable",G96*I96) -> 3873.76 | N96: =IF(I96="","Unavailable",IF(I96<=J96,"Reorder","Sufficient Stock")) -> Sufficient Stock
A97: PRD00096 | B97: EC-TRA-0096 | C97: Harbour & Hill Eco Packing Cubes | D97: Travel | E97: Harbour & Hill | F97: Foxbridge Partners | G97: 74.18 | H97: 181.15 | I97: 231 | J97: 25 | K97: LON-A1 | L97: 46064 | M97: =IF(I97="","Unavailable",G97*I97) -> 17135.58 | N97: =IF(I97="","Unavailable",IF(I97<=J97,"Reorder","Sufficient Stock")) -> Sufficient Stock
A98: PRD00097 | B98: EC-HOM-0097 | C98: Kindred Mini LED Strip Lights | D98: Home & Office | E98: Kindred | F98: Ivory Peak Logistics | G98: 3.03 | H98: 5.47 | I98: 22 | J98: 5 | K98: GLA-A2 | L98: 45894 | M98: =IF(I98="","Unavailable",G98*I98) -> 66.66 | N98: =IF(I98="","Unavailable",IF(I98<=J98,"Reorder","Sufficient Stock")) -> Sufficient Stock
A99: PRD00098 | B99: EC-ELE-0098 | C99: PixelWorks Deluxe Webcam | D99: Electronics | E99: Pixelworks | F99: Dovetail Trading Co. | G99: 77.92 | H99: 186.83 | I99: 131 | J99: 5 | K99: LON-A1 | L99: 45714 | M99: =IF(I99="","Unavailable",G99*I99) -> 10207.52 | N99: =IF(I99="","Unavailable",IF(I99<=J99,"Reorder","Sufficient Stock")) -> Sufficient Stock
A100: PRD00099 | B100: EC-APP-0099 | C100: Urban Field Classic Cotton T-Shirt | D100: Apparel | E100: Urban Field | F100: Crownline Imports | G100: 81.77 | H100: 158.93 | I100: 52 | J100: 5 | K100: LON-A1 | L100: 45884 | M100: =IF(I100="","Unavailable",G100*I100) -> 4252.04 | N100: =IF(I100="","Unavailable",IF(I100<=J100,"Reorder","Sufficient Stock")) -> Sufficient Stock
A101: PRD00100 | B101: EC-APP-0100 | C101: Everyday Co. Plus Cotton T-Shirt | D101: Apparel | E101: Everyday Co. | F101: Harbour Stockists | G101: 67.96 | H101: 97.12 | I101: 198 | J101: 5 | K101: GLA-A2 | L101: 45572 | M101: =IF(I101="","Unavailable",G101*I101) -> 13456.08 | N101: =IF(I101="","Unavailable",IF(I101<=J101,"Reorder","Sufficient Stock")) -> Sufficient Stock
A102: PRD00101 | B102: EC-ELE-0101 | C102: Oak & Ember Deluxe USB-C Hub | D102: Electronics | E102: Oak & Ember | F102: Crownline Imports | G102: 71.31 | H102: 130.88 | I102: 26 | J102: 30 | K102: MAN-A1 | L102: 45930 | M102: =IF(I102="","Unavailable",G102*I102) -> 1854.06 | N102: =IF(I102="","Unavailable",IF(I102<=J102,"Reorder","Sufficient Stock")) -> Reorder
A103: PRD00102 | B103: EC-GAR-0102 | C103: Urban Field Studio Garden Gloves | D103: Garden | E103: Urban Field | F103: Crownline Imports | G103: 7.87 | H103: 18.98 | I103: 211 | J103: 40 | K103: LON-A1 | L103: 46195 | M103: =IF(I103="","Unavailable",G103*I103) -> 1660.57 | N103: =IF(I103="","Unavailable",IF(I103<=J103,"Reorder","Sufficient Stock")) -> Sufficient Stock
A104: PRD00103 | B104: EC-ELE-0103 | C104: Urban Field Deluxe HDMI Cable | D104: Electronics | E104: Urban Field | F104: Crownline Imports | G104: 63.5 | H104: 122.32 | I104: 77 | J104: 15 | K104: LDS-B1 | L104: 45950 | M104: =IF(I104="","Unavailable",G104*I104) -> 4889.5 | N104: =IF(I104="","Unavailable",IF(I104<=J104,"Reorder","Sufficient Stock")) -> Sufficient Stock
A105: PRD00104 | B105: EC-ELE-0104 | C105: Everyday Co. Everyday USB-C Hub | D105: Electronics | E105: Everyday Co. | F105: Everwell Supply | G105: 31.96 | H105: 77.15 | I105: 5 | J105: 25 | K105: GLA-A2 | L105: 45481 | M105: =IF(I105="","Unavailable",G105*I105) -> 159.8 | N105: =IF(I105="","Unavailable",IF(I105<=J105,"Reorder","Sufficient Stock")) -> Reorder
A106: PRD00105 | B106: EC-HOM-0105 | C106: PixelWorks Pro Ergonomic Chair | D106: Home & Office | E106: Pixelworks | F106: Ivory Peak Logistics | G106: 48.76 | H106: 110.03 | I106: 37 | J106: 15 | K106: MAN-A1 | L106: 46242 | M106: =IF(I106="","Unavailable",G106*I106) -> 1804.12 | N106: =IF(I106="","Unavailable",IF(I106<=J106,"Reorder","Sufficient Stock")) -> Sufficient Stock
A107: PRD00106 | B107: EC-STA-0106 | C107: Urban Field Everyday Notebook Set | D107: Stationery | E107: Urban Field | F107: Dovetail Trading Co. | G107: 12.11 | H107: 19.7 | I107: 241 | J107: 25 | K107: LON-B2 | L107: 45683 | M107: =IF(I107="","Unavailable",G107*I107) -> 2918.51 | N107: =IF(I107="","Unavailable",IF(I107<=J107,"Reorder","Sufficient Stock")) -> Sufficient Stock
A108: PRD00107 | B108: EC-BEA-0107 | C108: Everyday Co. Eco Hand Cream - Graphite | D108: Beauty | E108: Everyday Co. | F108: Everwell Supply | G108: 84.4 | H108: 188.06 | I108: 25 | J108: 25 | K108: BHM-C3 | L108: 45755 | M108: =IF(I108="","Unavailable",G108*I108) -> 2110 | N108: =IF(I108="","Unavailable",IF(I108<=J108,"Reorder","Sufficient Stock")) -> Reorder
... A157: PRD00156 | B157: EC-HOM-0156 | C157: Northstar Plus Desk Lamp | D157: Home & Office | E157: Northstar | F157: Harbour Stockists | G157: 69.35 | H157: 114.72 | I157: 136 | J157: 15 | K157: BHM-C3 | L157: 45420 | M157: =IF(I157="","Unavailable",G157*I157) -> 9431.6 | N157: =IF(I157="","Unavailable",IF(I157<=J157,"Reorder","Sufficient Stock")) -> Sufficient Stock
A158: PRD00157 | B158: EC-ACC-0157 | C158: Harbour & Hill Pro Backpack - Silver | D158: Accessories | E158: Harbour & Hill | F158: Juniper Merchants | G158: 19.4 | H158: 35.41 | J158: 40 | K158: LON-B2 | L158: 46208 | M158: =IF(I158="","Unavailable",G158*I158) -> Unavailable | N158: =IF(I158="","Unavailable",IF(I158<=J158,"Reorder","Sufficient Stock")) -> Unavailable
A159: PRD00158 | B159: EC-HOM-0158 | C159: Everyday Co. Plus Travel Mug | D159: Home & Office | E159: Everyday Co. | F159: Juniper Merchants | G159: 20.07 | H159: 49.05 | I159: 148 | J159: 20 | K159: LDS-B1 | L159: 46197 | M159: =IF(I159="","Unavailable",G159*I159) -> 2970.36 | N159: =IF(I159="","Unavailable",IF(I159<=J159,"Reorder","Sufficient Stock")) -> Sufficient Stock
A160: PRD00159 | B160: EC-ACC-0159 | C160: Urban Field Eco Sunglasses | D160: Accessories | E160: Urban Field | F160: Crownline Imports | G160: 7.43 | H160: 17.56 | I160: 18 | J160: 15 | K160: LON-A1 | L160: 45735 | M160: =IF(I160="","Unavailable",G160*I160) -> 133.74 | N160: =IF(I160="","Unavailable",IF(I160<=J160,"Reorder","Sufficient Stock")) -> Sufficient Stock
A161: PRD00160 | B161: EC-ACC-0160 | C161: Kindred Deluxe Backpack | D161: Accessories | E161: Kindred | F161: Dovetail Trading Co. | G161: 51.07 | H161: 123.84 | I161: 85 | J161: 40 | K161: GLA-A2 | L161: 45475 | M161: =IF(I161="","Unavailable",G161*I161) -> 4340.95 | N161: =IF(I161="","Unavailable",IF(I161<=J161,"Reorder","Sufficient Stock")) -> Sufficient Stock
A162: PRD00161 | B162: EC-ELE-0161 | C162: Urban Field Studio Webcam | D162: Electronics | E162: Urban Field | F162: Crownline Imports | G162: 42.68 | H162: 75.06 | I162: 14 | J162: 12 | K162: GLA-A2 | L162: 46057 | M162: =IF(I162="","Unavailable",G162*I162) -> 597.52 | N162: =IF(I162="","Unavailable",IF(I162<=J162,"Reorder","Sufficient Stock")) -> Sufficient Stock
A163: PRD00162 | B163: EC-ELE-0162 | C163: Morrow Pro Laptop Stand | D163: Electronics | E163: Morrow | F163: Bluegate Distribution | G163: 81.45 | H163: 154.38 | I163: 256 | J163: 15 | K163: BHM-C3 | L163: 46253 | M163: =IF(I163="","Unavailable",G163*I163) -> 20851.2 | N163: =IF(I163="","Unavailable",IF(I163<=J163,"Reorder","Sufficient Stock")) -> Sufficient Stock
A164: PRD00163 | B164: EC-ACC-0163 | C164: Brightline Pro Phone Case - Rose | D164: Accessories | E164: Brightline | F164: Aster Wholesale Ltd | G164: 73.4 | H164: 101.88 | I164: 218 | J164: 20 | K164: LON-A1 | L164: 45936 | M164: =IF(I164="","Unavailable",G164*I164) -> 16001.2 | N164: =IF(I164="","Unavailable",IF(I164<=J164,"Reorder","Sufficient Stock")) -> Sufficient Stock
A165: PRD00164 | B165: EC-HOM-0164 | C165: PixelWorks Studio Travel Mug | D165: Home & Office | E165: Pixelworks | F165: Aster Wholesale Ltd | G165: 70.77 | H165: 140.12 | I165: 184 | J165: 20 | K165: LON-A1 | L165: 45966 | M165: =IF(I165="","Unavailable",G165*I165) -> 13021.68 | N165: =IF(I165="","Unavailable",IF(I165<=J165,"Reorder","Sufficient Stock")) -> Sufficient Stock
A166: PRD00165 | B166: EC-ACC-0165 | C166: Kindred Travel Canvas Tote Bag - Rose | D166: Accessories | E166: Kindred | F166: Dovetail Trading Co. | G166: 25.74 | H166: 38.06 | I166: 0 | J166: 10 | K166: LON-A1 | L166: 45716 | M166: =IF(I166="","Unavailable",G166*I166) -> 0 | N166: =IF(I166="","Unavailable",IF(I166<=J166,"Reorder","Sufficient Stock")) -> Reorder
A167: PRD00166 | B167: EC-ACC-0166 | C167: Northstar Pro Backpack | D167: Accessories | E167: Northstar | F167: Bluegate Distribution | G167: 71.18 | H167: 166.26 | I167: 36 | J167: 25 | K167: LON-A1 | L167: 46154 | M167: =IF(I167="","Unavailable",G167*I167) -> 2562.48 | N167: =IF(I167="","Unavailable",IF(I167<=J167,"Reorder","Sufficient Stock")) -> Sufficient Stock
A168: PRD00167 | B168: EC-ELE-0167 | C168: Everyday Co. Studio Laptop Stand | D168: Electronics | E168: Everyday Co. | F168: Foxbridge Partners | G168: 80.49 | H168: 191.78 | I168: 158 | J168: 30 | K168: LON-A1 | L168: 45424 | M168: =IF(I168="","Unavailable",G168*I168) -> 12717.42 | N168: =IF(I168="","Unavailable",IF(I168<=J168,"Reorder","Sufficient Stock")) -> Sufficient Stock
A169: PRD00168 | B169: EC-BEA-0168 | C169: PixelWorks Plus Shampoo | D169: Beauty | E169: Pixelworks | F169: Everwell Supply | G169: 54.78 | H169: 119.59 | I169: 25 | J169: 12 | K169: GLA-A2 | L169: 46011 | M169: =IF(I169="","Unavailable",G169*I169) -> 1369.5 | N169: =IF(I169="","Unavailable",IF(I169<=J169,"Reorder","Sufficient Stock")) -> Sufficient Stock
A170: PRD00169 | B170: EC-ELE-0169 | C170: Nova Supply Studio Bluetooth Speaker | D170: Electronics | E170: Nova Supply | F170: Juniper Merchants | G170: 71.9 | H170: 140.57 | I170: 258 | J170: 5 | K170: GLA-A2 | L170: 45872 | M170: =IF(I170="","Unavailable",G170*I170) -> 18550.2 | N170: =IF(I170="","Unavailable",IF(I170<=J170,"Reorder","Sufficient Stock")) -> Sufficient Stock
... A176: PRD00175 | B176: EC-HEA-0175 | C176: Everyday Co. Pro First Aid Kit | D176: Health | E176: Everyday Co. | F176: Ivory Peak Logistics | G176: 42.93 | H176: 79.69 | I176: 227 | J176: 30 | K176: GLA-A2 | L176: 45690 | M176: =IF(I176="","Unavailable",G176*I176) -> 9745.11 | N176: =IF(I176="","Unavailable",IF(I176<=J176,"Reorder","Sufficient Stock")) -> Sufficient Stock
A177: PRD00176 | B177: EC-ACC-0176 | C177: Nova Supply Studio Phone Case | D177: Accessories | E177: Nova Supply | F177: Bluegate Distribution | G177: 27.73 | H177: 61.7 | J177: 10 | K177: LON-B2 | L177: 46174 | M177: =IF(I177="","Unavailable",G177*I177) -> Unavailable | N177: =IF(I177="","Unavailable",IF(I177<=J177,"Reorder","Sufficient Stock")) -> Unavailable
A178: PRD00177 | B178: EC-APP-0177 | C178: Northstar Deluxe Running Socks | D178: Apparel | E178: Northstar | F178: Everwell Supply | G178: 37.24 | H178: 59.6 | I178: 138 | J178: 15 | K178: LDS-B1 | L178: 46031 | M178: =IF(I178="","Unavailable",G178*I178) -> 5139.12 | N178: =IF(I178="","Unavailable",IF(I178<=J178,"Reorder","Sufficient Stock")) -> Sufficient Stock
A179: PRD00178 | B179: EC-ELE-0178 | C179: Cedar Lane Classic Webcam | D179: Electronics | E179: Cedar Lane | F179: Everwell Supply | G179: 31.17 | H179: 57.11 | I179: 57 | J179: 40 | K179: LDS-B1 | L179: 45589 | M179: =IF(I179="","Unavailable",G179*I179) -> 1776.69 | N179: =IF(I179="","Unavailable",IF(I179<=J179,"Reorder","Sufficient Stock")) -> Sufficient Stock
A180: PRD00179 | B180: EC-ACC-0179 | C180: Oak & Ember Compact Phone Case | D180: Accessories | E180: Oak & Ember | F180: Everwell Supply | G180: 84.46 | H180: 197.31 | I180: 6 | J180: 12 | K180: GLA-A2 | L180: 46316 | M180: =IF(I180="","Unavailable",G180*I180) -> 506.76 | N180: =IF(I180="","Unavailable",IF(I180<=J180,"Reorder","Sufficient Stock")) -> Reorder
A181: PRD00180 | B181: EC-ELE-0180 | C181: Nova Supply Mini Power Bank - Natural | D181: Electronics | E181: Nova Supply | F181: Harbour Stockists | G181: 15.21 | H181: 26.68 | I181: 238 | J181: 40 | K181: BHM-C3 | L181: 45422 | M181: =IF(I181="","Unavailable",G181*I181) -> 3619.98 | N181: =IF(I181="","Unavailable",IF(I181<=J181,"Reorder","Sufficient Stock")) -> Sufficient Stock
A182: PRD00181 | B182: EC-PET-0181 | C182: Morrow Travel Dog Lead | D182: Pet Supplies | E182: Morrow | F182: Ivory Peak Logistics | G182: 50.8 | H182: 91.08 | I182: 61 | J182: 40 | K182: LDS-B1 | L182: 46230 | M182: =IF(I182="","Unavailable",G182*I182) -> 3098.8 | N182: =IF(I182="","Unavailable",IF(I182<=J182,"Reorder","Sufficient Stock")) -> Sufficient Stock
A183: PRD00182 | B183: EC-FIT-0182 | C183: Morrow Mini Resistance Bands | D183: Fitness | E183: Morrow | F183: Unknown | G183: 64.14 | H183: 111.95 | I183: 149 | J183: 15 | K183: LON-A1 | L183: 46133 | M183: =IF(I183="","Unavailable",G183*I183) -> 9556.86 | N183: =IF(I183="","Unavailable",IF(I183<=J183,"Reorder","Sufficient Stock")) -> Sufficient Stock
A184: PRD00183 | B184: EC-GAR-0183 | C184: Kindred Essential Garden Gloves | D184: Garden | E184: Kindred | F184: Bluegate Distribution | G184: 7.97 | H184: 18.59 | I184: 133 | J184: 20 | K184: BHM-C3 | L184: 46224 | M184: =IF(I184="","Unavailable",G184*I184) -> 1060.01 | N184: =IF(I184="","Unavailable",IF(I184<=J184,"Reorder","Sufficient Stock")) -> Sufficient Stock
A185: PRD00184 | B185: EC-APP-0184 | C185: Cedar Lane Everyday Running Socks | D185: Apparel | E185: Cedar Lane | F185: Harbour Stockists | G185: 5.68 | H185: 8.92 | I185: 6 | J185: 10 | K185: LON-B2 | L185: 45468 | M185: =IF(I185="","Unavailable",G185*I185) -> 34.08 | N185: =IF(I185="","Unavailable",IF(I185<=J185,"Reorder","Sufficient Stock")) -> Reorder
A186: PRD00185 | B186: EC-HEA-0185 | C186: Northstar Everyday First Aid Kit | D186: Health | E186: Northstar | F186: Ivory Peak Logistics | G186: 4.79 | H186: 9.26 | I186: 243 | J186: 40 | K186: MAN-A1 | L186: 46248 | M186: =IF(I186="","Unavailable",G186*I186) -> 1163.97 | N186: =IF(I186="","Unavailable",IF(I186<=J186,"Reorder","Sufficient Stock")) -> Sufficient Stock
A187: PRD00186 | B187: EC-FIT-0186 | C187: PixelWorks Essential Yoga Mat - Graphite | D187: Fitness | E187: Pixelworks | F187: Ivory Peak Logistics | G187: 11.4 | H187: 27.18 | I187: 197 | J187: 12 | K187: LON-B2 | L187: 45729 | M187: =IF(I187="","Unavailable",G187*I187) -> 2245.8 | N187: =IF(I187="","Unavailable",IF(I187<=J187,"Reorder","Sufficient Stock")) -> Sufficient Stock
A188: PRD00187 | B188: EC-ACC-0187 | C188: Everyday Co. Essential Sunglasses | D188: Accessories | E188: Everyday Co. | F188: Bluegate Distribution | G188: 12.46 | H188: 26.84 | I188: 108 | J188: 25 | K188: MAN-A1 | L188: 45536 | M188: =IF(I188="","Unavailable",G188*I188) -> 1345.68 | N188: =IF(I188="","Unavailable",IF(I188<=J188,"Reorder","Sufficient Stock")) -> Sufficient Stock
A189: PRD00188 | B189: EC-HOM-0188 | C189: Morrow Eco Water Bottle | D189: Home & Office | E189: Morrow | F189: Everwell Supply | G189: 35.66 | H189: 66.99 | I189: 156 | J189: 40 | K189: BHM-C3 | L189: 45446 | M189: =IF(I189="","Unavailable",G189*I189) -> 5562.96 | N189: =IF(I189="","Unavailable",IF(I189<=J189,"Reorder","Sufficient Stock")) -> Sufficient Stock
... A221: PRD00220 | B221: EC-HOM-0220 | C221: Everyday Co. Deluxe Ergonomic Chair | D221: Home & Office | E221: Everyday Co. | F221: Harbour Stockists | G221: 67.54 | H221: 133.32 | I221: 142 | J221: 5 | K221: GLA-A2 | L221: 45723 | M221: =IF(I221="","Unavailable",G221*I221) -> 9590.68 | N221: =IF(I221="","Unavailable",IF(I221<=J221,"Reorder","Sufficient Stock")) -> Sufficient Stock

Sheet Working_dataset
A1: product_id | B1: sku | C1: Cleaned sku | D1: product_name | E1: Cleaned product name | F1: category | G1: Cleaned category | H1: brand | I1: Cleaned brand | J1: supplier | K1: Cleaned supplier | L1: unit_cost_gbp | M1: selling_price_gbp | N1: cleaned selling price gbp | O1: stock_quantity | P1: reorder_level | Q1: warehouse_location | R1: cleaned warehouse location | S1: last_restocked
A2: PRD00001 | B2: EC-ELE-0001 | C2: =UPPER(TRIM(B2)) -> EC-ELE-0001 | D2: PixelWorks Travel Webcam | E2: =TRIM(D2) -> PixelWorks Travel Webcam | F2: Electronics | G2: =PROPER(TRIM(F2)) -> Electronics | H2: PixelWorks | I2: {=PROPER(IF(TRIM(H2)<>"",TRIM(H2),IFERROR(INDEX('Brand Reference'!$A$2:$A$13,MATCH(TRUE,ISNUMBER(SEARCH('Brand Reference'!$A$2:$A$13,E2)),0)),"Unknown")))} -> Pixelworks | J2: Dovetail Trading Co. | K2: =IF(J2="","Unknown",TRIM(PROPER(J2))) -> Dovetail Trading Co. | L2: 81.1 | M2: 188.36 | N2: =VALUE(SUBSTITUTE(M2," GBP","")) -> 188.36 | O2: 215 | P2: 40 | Q2: LON-A1 | R2: =UPPER(TRIM(Q2)) -> LON-A1 | S2: 46195
A3: PRD00002 | B3: EC-ELE-0002 | C3: =UPPER(TRIM(B3)) -> EC-ELE-0002 | D3: Everyday Co. Pro Phone Charger | E3: =TRIM(D3) -> Everyday Co. Pro Phone Charger | F3: Electronics | G3: =PROPER(TRIM(F3)) -> Electronics | H3: Everyday Co. | I3: {=PROPER(IF(TRIM(H3)<>"",TRIM(H3),IFERROR(INDEX('Brand Reference'!$A$2:$A$13,MATCH(TRUE,ISNUMBER(SEARCH('Brand Reference'!$A$2:$A$13,E3)),0)),"Unknown")))} -> Everyday Co. | J3: Everwell Supply | K3: =IF(J3="","Unknown",TRIM(PROPER(J3))) -> Everwell Supply | L3: 69.66 | M3: 146.54 GBP | N3: =VALUE(SUBSTITUTE(M3," GBP","")) -> 146.54 | O3: 160 | P3: 15 | Q3: MAN-A1 | R3: =UPPER(TRIM(Q3)) -> MAN-A1
A4: PRD00003 | B4: ec-hom-0003 | C4: =UPPER(TRIM(B4)) -> EC-HOM-0003 | D4: Kindred Travel LED Strip Lights | E4: =TRIM(D4) -> Kindred Travel LED Strip Lights | F4: Home & Office | G4: =PROPER(TRIM(F4)) -> Home & Office | H4: Kindred | I4: {=PROPER(IF(TRIM(H4)<>"",TRIM(H4),IFERROR(INDEX('Brand Reference'!$A$2:$A$13,MATCH(TRUE,ISNUMBER(SEARCH('Brand Reference'!$A$2:$A$13,E4)),0)),"Unknown")))} -> Kindred | J4: Juniper Merchants | K4: =IF(J4="","Unknown",TRIM(PROPER(J4))) -> Juniper Merchants | L4: 9.62 | M4: 18.68 | N4: =VALUE(SUBSTITUTE(M4," GBP","")) -> 18.68 | O4: 147 | P4: 40 | Q4: MAN-A1 | R4: =UPPER(TRIM(Q4)) -> MAN-A1 | S4: 45580
A5: PRD00004 | B5: EC-KIT-0004 | C5: =UPPER(TRIM(B5)) -> EC-KIT-0004 | D5: PixelWorks Essential Food Storage Set - Charcoal | E5: =TRIM(D5) -> PixelWorks Essential Food Storage Set - Charcoal | F5: Kitchen | G5: =PROPER(TRIM(F5)) -> Kitchen | H5: PixelWorks | I5: {=PROPER(IF(TRIM(H5)<>"",TRIM(H5),IFERROR(INDEX('Brand Reference'!$A$2:$A$13,MATCH(TRUE,ISNUMBER(SEARCH('Brand Reference'!$A$2:$A$13,E5)),0)),"Unknown")))} -> Pixelworks | J5: Greenway Goods | K5: =IF(J5="","Unknown",TRIM(PROPER(J5))) -> Greenway Goods | L5: 75.97 | M5: 148.89 | N5: =VALUE(SUBSTITUTE(M5," GBP","")) -> 148.89 | O5: 59 | P5: 30 | Q5: GLA-A2 | R5: =UPPER(TRIM(Q5)) -> GLA-A2 | S5: 46297
A6: PRD00005 | B6: EC-ACC-0005 | C6: =UPPER(TRIM(B6)) -> EC-ACC-0005 | D6: Kite & Key Essential Screen Protector | E6: =TRIM(D6) -> Kite & Key Essential Screen Protector | F6: Accessories | G6: =PROPER(TRIM(F6)) -> Accessories | H6: Kite & Key | I6: {=PROPER(IF(TRIM(H6)<>"",TRIM(H6),IFERROR(INDEX('Brand Reference'!$A$2:$A$13,MATCH(TRUE,ISNUMBER(SEARCH('Brand Reference'!$A$2:$A$13,E6)),0)),"Unknown")))} -> Kite & Key | J6: Juniper Merchants | K6: =IF(J6="","Unknown",TRIM(PROPER(J6))) -> Juniper Merchants | L6: 4.3 | M6: 6.87 | N6: =VALUE(SUBSTITUTE(M6," GBP","")) -> 6.87 | O6: 66 | P6: 5 | Q6: BHM-C3 | R6: =UPPER(TRIM(Q6)) -> BHM-C3 | S6: 45502
A7: PRD00006 | B7: EC-HOM-0006 | C7: =UPPER(TRIM(B7)) -> EC-HOM-0006 | D7: Morrow Everyday Desk Lamp | E7: =TRIM(D7) -> Morrow Everyday Desk Lamp | F7: Home & Office | G7: =PROPER(TRIM(F7)) -> Home & Office | H7: MORROW | I7: {=PROPER(IF(TRIM(H7)<>"",TRIM(H7),IFERROR(INDEX('Brand Reference'!$A$2:$A$13,MATCH(TRUE,ISNUMBER(SEARCH('Brand Reference'!$A$2:$A$13,E7)),0)),"Unknown")))} -> Morrow | J7: Ivory Peak Logistics | K7: =IF(J7="","Unknown",TRIM(PROPER(J7))) -> Ivory Peak Logistics | L7: 40.02 | M7: 74.69 | N7: =VALUE(SUBSTITUTE(M7," GBP","")) -> 74.69 | O7: 128 | P7: 30 | Q7: LDS-B1 | R7: =UPPER(TRIM(Q7)) -> LDS-B1 | S7: 45922
A8: PRD00007 | B8: EC-BEA-0007 | C8: =UPPER(TRIM(B8)) -> EC-BEA-0007 | D8: Harbour & Hill Deluxe Hand Cream | E8: =TRIM(D8) -> Harbour & Hill Deluxe Hand Cream | F8: Beauty | G8: =PROPER(TRIM(F8)) -> Beauty | H8: HARBOUR & HILL | I8: {=PROPER(IF(TRIM(H8)<>"",TRIM(H8),IFERROR(INDEX('Brand Reference'!$A$2:$A$13,MATCH(TRUE,ISNUMBER(SEARCH('Brand Reference'!$A$2:$A$13,E8)),0)),"Unknown")))} -> Harbour & Hill | J8: Dovetail Trading Co. | K8: =IF(J8="","Unknown",TRIM(PROPER(J8))) -> Dovetail Trading Co. | L8: 24.48 | M8: 33.94 | N8: =VALUE(SUBSTITUTE(M8," GBP","")) -> 33.94 | P8: 40 | Q8: MAN-A1 | R8: =UPPER(TRIM(Q8)) -> MAN-A1 | S8: 46029
A9: PRD00008 | B9: EC-BEA-0008 | C9: =UPPER(TRIM(B9)) -> EC-BEA-0008 | D9: Morrow Travel Shampoo | E9: =TRIM(D9) -> Morrow Travel Shampoo | F9: beauty | G9: =PROPER(TRIM(F9)) -> Beauty | H9: Morrow | I9: {=PROPER(IF(TRIM(H9)<>"",TRIM(H9),IFERROR(INDEX('Brand Reference'!$A$2:$A$13,MATCH(TRUE,ISNUMBER(SEARCH('Brand Reference'!$A$2:$A$13,E9)),0)),"Unknown")))} -> Morrow | J9: Bluegate Distribution | K9: =IF(J9="","Unknown",TRIM(PROPER(J9))) -> Bluegate Distribution | L9: 48.39 | M9: 113.62 | N9: =VALUE(SUBSTITUTE(M9," GBP","")) -> 113.62 | O9: 148 | P9: 25 | Q9: BHM-C3 | R9: =UPPER(TRIM(Q9)) -> BHM-C3 | S9: 46229
A10: PRD00009 | B10: EC-PET-0009 | C10: =UPPER(TRIM(B10)) -> EC-PET-0009 | D10: Oak & Ember Essential Dog Lead | E10: =TRIM(D10) -> Oak & Ember Essential Dog Lead | F10: Pet Supplies | G10: =PROPER(TRIM(F10)) -> Pet Supplies | H10: Oak & Ember | I10: {=PROPER(IF(TRIM(H10)<>"",TRIM(H10),IFERROR(INDEX('Brand Reference'!$A$2:$A$13,MATCH(TRUE,ISNUMBER(SEARCH('Brand Reference'!$A$2:$A$13,E10)),0)),"Unknown")))} -> Oak & Ember | K10: =IF(J10="","Unknown",TRIM(PROPER(J10))) -> Unknown | L10: 71.95 | M10: 135.05 | N10: =VALUE(SUBSTITUTE(M10," GBP","")) -> 135.05 | O10: 32 | P10: 20 | Q10: LON-A1 | R10: =UPPER(TRIM(Q10)) -> LON-A1 | S10: 46312
A11: PRD00010 | B11: EC-ACC-0010 | C11: =UPPER(TRIM(B11)) -> EC-ACC-0010 | D11: Urban Field Essential Screen Protector - Black | E11: =TRIM(D11) -> Urban Field Essential Screen Protector - Black | F11: Accessories | G11: =PROPER(TRIM(F11)) -> Accessories | H11: Urban Field | I11: {=PROPER(IF(TRIM(H11)<>"",TRIM(H11),IFERROR(INDEX('Brand Reference'!$A$2:$A$13,MATCH(TRUE,ISNUMBER(SEARCH('Brand Reference'!$A$2:$A$13,E11)),0)),"Unknown")))} -> Urban Field | J11: Bluegate Distribution | K11: =IF(J11="","Unknown",TRIM(PROPER(J11))) -> Bluegate Distribution | L11: 39.56 | M11: 77.19 | N11: =VALUE(SUBSTITUTE(M11," GBP","")) -> 77.19 | O11: 42 | P11: 15 | Q11: GLA-A2 | R11: =UPPER(TRIM(Q11)) -> GLA-A2 | S11: 45799
A12: PRD00011 | B12: EC-GAR-0011 | C12: =UPPER(TRIM(B12)) -> EC-GAR-0011 | D12: Oak & Ember Eco Garden Gloves - Rose | E12: =TRIM(D12) -> Oak & Ember Eco Garden Gloves - Rose | F12: Garden | G12: =PROPER(TRIM(F12)) -> Garden | H12: Oak & Ember | I12: {=PROPER(IF(TRIM(H12)<>"",TRIM(H12),IFERROR(INDEX('Brand Reference'!$A$2:$A$13,MATCH(TRUE,ISNUMBER(SEARCH('Brand Reference'!$A$2:$A$13,E12)),0)),"Unknown")))} -> Oak & Ember | J12: Harbour Stockists | K12: =IF(J12="","Unknown",TRIM(PROPER(J12))) -> Harbour Stockists | L12: 28.15 | M12: 56.06 | N12: =VALUE(SUBSTITUTE(M12," GBP","")) -> 56.06 | O12: 251 | P12: 12 | Q12: GLA-A2 | R12: =UPPER(TRIM(Q12)) -> GLA-A2
A13: PRD00012 | B13: EC-TRA-0012 | C13: =UPPER(TRIM(B13)) -> EC-TRA-0012 | D13: Kindred Travel Packing Cubes - Sage | E13: =TRIM(D13) -> Kindred Travel Packing Cubes - Sage | F13: Travel | G13: =PROPER(TRIM(F13)) -> Travel | H13: Kindred | I13: {=PROPER(IF(TRIM(H13)<>"",TRIM(H13),IFERROR(INDEX('Brand Reference'!$A$2:$A$13,MATCH(TRUE,ISNUMBER(SEARCH('Brand Reference'!$A$2:$A$13,E13)),0)),"Unknown")))} -> Kindred | J13: Crownline Imports | K13: =IF(J13="","Unknown",TRIM(PROPER(J13))) -> Crownline Imports | L13: 57.56 | M13: 136.91 | N13: =VALUE(SUBSTITUTE(M13," GBP","")) -> 136.91 | O13: 156 | P13: 30 | Q13: GLA-A2 | R13: =UPPER(TRIM(Q13)) -> GLA-A2 | S13: 46091
A14: PRD00013 | B14: EC-HOM-0013 | C14: =UPPER(TRIM(B14)) -> EC-HOM-0013 | D14: Northstar Compact LED Strip Lights | E14: =TRIM(D14) -> Northstar Compact LED Strip Lights | F14: Home & Office | G14: =PROPER(TRIM(F14)) -> Home & Office | H14: Northstar | I14: {=PROPER(IF(TRIM(H14)<>"",TRIM(H14),IFERROR(INDEX('Brand Reference'!$A$2:$A$13,MATCH(TRUE,ISNUMBER(SEARCH('Brand Reference'!$A$2:$A$13,E14)),0)),"Unknown")))} -> Northstar | J14: Ivory Peak Logistics | K14: =IF(J14="","Unknown",TRIM(PROPER(J14))) -> Ivory Peak Logistics | L14: 6.45 | M14: 11.17 | N14: =VALUE(SUBSTITUTE(M14," GBP","")) -> 11.17 | O14: 180 | P14: 5 | Q14: BHM-C3 | R14: =UPPER(TRIM(Q14)) -> BHM-C3 | S14: 45344
A15: PRD00014 | B15: ec-fit-0014 | C15: =UPPER(TRIM(B15)) -> EC-FIT-0014 | D15: Morrow Mini Yoga Mat | E15: =TRIM(D15) -> Morrow Mini Yoga Mat | F15: Fitness | G15: =PROPER(TRIM(F15)) -> Fitness | H15: Morrow | I15: {=PROPER(IF(TRIM(H15)<>"",TRIM(H15),IFERROR(INDEX('Brand Reference'!$A$2:$A$13,MATCH(TRUE,ISNUMBER(SEARCH('Brand Reference'!$A$2:$A$13,E15)),0)),"Unknown")))} -> Morrow | J15: Greenway Goods | K15: =IF(J15="","Unknown",TRIM(PROPER(J15))) -> Greenway Goods | L15: 40.83 | M15: 82.9 | N15: =VALUE(SUBSTITUTE(M15," GBP","")) -> 82.9 | O15: 87 | P15: 12 | Q15: GLA-A2 | R15: =UPPER(TRIM(Q15)) -> GLA-A2 | S15: 45715
A16: PRD00015 | B16: EC-BEA-0015 | C16: =UPPER(TRIM(B16)) -> EC-BEA-0015 | D16: Kite & Key Everyday Facial Cleanser | E16: =TRIM(D16) -> Kite & Key Everyday Facial Cleanser | F16: Beauty | G16: =PROPER(TRIM(F16)) -> Beauty | H16: KITE & KEY | I16: {=PROPER(IF(TRIM(H16)<>"",TRIM(H16),IFERROR(INDEX('Brand Reference'!$A$2:$A$13,MATCH(TRUE,ISNUMBER(SEARCH('Brand Reference'!$A$2:$A$13,E16)),0)),"Unknown")))} -> Kite & Key | J16: Harbour Stockists | K16: =IF(J16="","Unknown",TRIM(PROPER(J16))) -> Harbour Stockists | L16: 5.03 | M16: 10.37 | N16: =VALUE(SUBSTITUTE(M16," GBP","")) -> 10.37 | O16: 88 | P16: 5 | Q16: LDS-B1 | R16: =UPPER(TRIM(Q16)) -> LDS-B1 | S16: 45390
A17: PRD00016 | B17: EC-BEA-0016 | C17: =UPPER(TRIM(B17)) -> EC-BEA-0016 | D17: Kindred Eco Hand Cream - Black | E17: =TRIM(D17) -> Kindred Eco Hand Cream - Black | F17: Beauty | G17: =PROPER(TRIM(F17)) -> Beauty | H17: KINDRED | I17: {=PROPER(IF(TRIM(H17)<>"",TRIM(H17),IFERROR(INDEX('Brand Reference'!$A$2:$A$13,MATCH(TRUE,ISNUMBER(SEARCH('Brand Reference'!$A$2:$A$13,E17)),0)),"Unknown")))} -> Kindred | J17: Greenway Goods | K17: =IF(J17="","Unknown",TRIM(PROPER(J17))) -> Greenway Goods | L17: 46.08 | M17: 102.02 GBP | N17: =VALUE(SUBSTITUTE(M17," GBP","")) -> 102.02 | O17: 70 | P17: 12 | Q17: MAN-A1 | R17: =UPPER(TRIM(Q17)) -> MAN-A1 | S17: 45672
A18: PRD00017 | B18: EC-GAR-0017 | C18: =UPPER(TRIM(B18)) -> EC-GAR-0017 | D18: Harbour & Hill Compact Garden Gloves | E18: =TRIM(D18) -> Harbour & Hill Compact Garden Gloves | F18: Garden | G18: =PROPER(TRIM(F18)) -> Garden | H18: Harbour & Hill | I18: {=PROPER(IF(TRIM(H18)<>"",TRIM(H18),IFERROR(INDEX('Brand Reference'!$A$2:$A$13,MATCH(TRUE,ISNUMBER(SEARCH('Brand Reference'!$A$2:$A$13,E18)),0)),"Unknown")))} -> Harbour & Hill | J18: Harbour Stockists | K18: =IF(J18="","Unknown",TRIM(PROPER(J18))) -> Harbour Stockists | L18: 30.69 | M18: 50.33 GBP | N18: =VALUE(SUBSTITUTE(M18," GBP","")) -> 50.33 | O18: 254 | P18: 30 | Q18: LON-B2 | R18: =UPPER(TRIM(Q18)) -> LON-B2 | S18: 45881
A19: PRD00018 | B19: EC-PET-0018 | C19: =UPPER(TRIM(B19)) -> EC-PET-0018 | D19: Morrow Essential Cat Toy | E19: =TRIM(D19) -> Morrow Essential Cat Toy | F19: Pet supplies | G19: =PROPER(TRIM(F19)) -> Pet Supplies | H19: Morrow | I19: {=PROPER(IF(TRIM(H19)<>"",TRIM(H19),IFERROR(INDEX('Brand Reference'!$A$2:$A$13,MATCH(TRUE,ISNUMBER(SEARCH('Brand Reference'!$A$2:$A$13,E19)),0)),"Unknown")))} -> Morrow | J19: Aster Wholesale Ltd | K19: =IF(J19="","Unknown",TRIM(PROPER(J19))) -> Aster Wholesale Ltd | L19: 45.65 | M19: 75.38 | N19: =VALUE(SUBSTITUTE(M19," GBP","")) -> 75.38 | O19: 48 | P19: 15 | Q19: lon-a1 | R19: =UPPER(TRIM(Q19)) -> LON-A1 | S19: 45765
A20: PRD00019 | B20: EC-KIT-0019 | C20: =UPPER(TRIM(B20)) -> EC-KIT-0019 | D20: Harbour & Hill Travel Coffee Grinder | E20: =TRIM(D20) -> Harbour & Hill Travel Coffee Grinder | F20: kitchen | G20: =PROPER(TRIM(F20)) -> Kitchen | H20: Harbour & Hill | I20: {=PROPER(IF(TRIM(H20)<>"",TRIM(H20),IFERROR(INDEX('Brand Reference'!$A$2:$A$13,MATCH(TRUE,ISNUMBER(SEARCH('Brand Reference'!$A$2:$A$13,E20)),0)),"Unknown")))} -> Harbour & Hill | J20: Ivory Peak Logistics | K20: =IF(J20="","Unknown",TRIM(PROPER(J20))) -> Ivory Peak Logistics | L20: 31.34 | M20: 47.71 | N20: =VALUE(SUBSTITUTE(M20," GBP","")) -> 47.71 | O20: 110 | P20: 10 | Q20: GLA-A2 | R20: =UPPER(TRIM(Q20)) -> GLA-A2 | S20: 45866
A21: PRD00020 | B21: EC-HOM-0020 | C21: =UPPER(TRIM(B21)) -> EC-HOM-0020 | D21: Kite & Key Pro Water Bottle | E21: =TRIM(D21) -> Kite & Key Pro Water Bottle | F21: Home & Office | G21: =PROPER(TRIM(F21)) -> Home & Office | H21: Kite & Key | I21: {=PROPER(IF(TRIM(H21)<>"",TRIM(H21),IFERROR(INDEX('Brand Reference'!$A$2:$A$13,MATCH(TRUE,ISNUMBER(SEARCH('Brand Reference'!$A$2:$A$13,E21)),0)),"Unknown")))} -> Kite & Key | J21: Crownline Imports | K21: =IF(J21="","Unknown",TRIM(PROPER(J21))) -> Crownline Imports | L21: 48.21 | M21: 70.46 | N21: =VALUE(SUBSTITUTE(M21," GBP","")) -> 70.46 | O21: 135 | P21: 10 | Q21: LON-A1 | R21: =UPPER(TRIM(Q21)) -> LON-A1 | S21: 46185
A22: PRD00021 | B22: EC-ELE-0021 | C22: =UPPER(TRIM(B22)) -> EC-ELE-0021 | D22: PixelWorks Plus Laptop Stand | E22: =TRIM(D22) -> PixelWorks Plus Laptop Stand | F22: Electronics | G22: =PROPER(TRIM(F22)) -> Electronics | H22: PixelWorks | I22: {=PROPER(IF(TRIM(H22)<>"",TRIM(H22),IFERROR(INDEX('Brand Reference'!$A$2:$A$13,MATCH(TRUE,ISNUMBER(SEARCH('Brand Reference'!$A$2:$A$13,E22)),0)),"Unknown")))} -> Pixelworks | J22: Crownline Imports | K22: =IF(J22="","Unknown",TRIM(PROPER(J22))) -> Crownline Imports | L22: 11 | M22: 18.64 | N22: =VALUE(SUBSTITUTE(M22," GBP","")) -> 18.64 | O22: 32 | P22: 20 | Q22: MAN-A1 | R22: =UPPER(TRIM(Q22)) -> MAN-A1 | S22: 45936
A23: PRD00022 | B23: EC-ELE-0022 | C23: =UPPER(TRIM(B23)) -> EC-ELE-0022 | D23: Northstar Deluxe Mechanical Keyboard | E23: =TRIM(D23) -> Northstar Deluxe Mechanical Keyboard | F23: Electronics | G23: =PROPER(TRIM(F23)) -> Electronics | H23: Northstar | I23: {=PROPER(IF(TRIM(H23)<>"",TRIM(H23),IFERROR(INDEX('Brand Reference'!$A$2:$A$13,MATCH(TRUE,ISNUMBER(SEARCH('Brand Reference'!$A$2:$A$13,E23)),0)),"Unknown")))} -> Northstar | J23: Bluegate Distribution | K23: =IF(J23="","Unknown",TRIM(PROPER(J23))) -> Bluegate Distribution | L23: 3.48 | M23: 5.07 GBP | N23: =VALUE(SUBSTITUTE(M23," GBP","")) -> 5.07 | O23: 11 | P23: 20 | Q23: LDS-B1 | R23: =UPPER(TRIM(Q23)) -> LDS-B1 | S23: 45543
A24: PRD00023 | B24: EC-BOO-0023 | C24: =UPPER(TRIM(B24)) -> EC-BOO-0023 | D24: PixelWorks Mini Cookbook | E24: =TRIM(D24) -> PixelWorks Mini Cookbook | F24: Books | G24: =PROPER(TRIM(F24)) -> Books | H24: PixelWorks | I24: {=PROPER(IF(TRIM(H24)<>"",TRIM(H24),IFERROR(INDEX('Brand Reference'!$A$2:$A$13,MATCH(TRUE,ISNUMBER(SEARCH('Brand Reference'!$A$2:$A$13,E24)),0)),"Unknown")))} -> Pixelworks | J24: Juniper Merchants | K24: =IF(J24="","Unknown",TRIM(PROPER(J24))) -> Juniper Merchants | L24: 56.41 | M24: 114.32 | N24: =VALUE(SUBSTITUTE(M24," GBP","")) -> 114.32 | O24: 206 | P24: 25 | Q24: bhm-c3 | R24: =UPPER(TRIM(Q24)) -> BHM-C3 | S24: 45733
A25: PRD00024 | B25: EC-ELE-0024 | C25: =UPPER(TRIM(B25)) -> EC-ELE-0024 | D25: Nova Supply Mini Webcam | E25: =TRIM(D25) -> Nova Supply Mini Webcam | F25: Electronics | G25: =PROPER(TRIM(F25)) -> Electronics | H25: Nova Supply | I25: {=PROPER(IF(TRIM(H25)<>"",TRIM(H25),IFERROR(INDEX('Brand Reference'!$A$2:$A$13,MATCH(TRUE,ISNUMBER(SEARCH('Brand Reference'!$A$2:$A$13,E25)),0)),"Unknown")))} -> Nova Supply | J25: Aster Wholesale Ltd | K25: =IF(J25="","Unknown",TRIM(PROPER(J25))) -> Aster Wholesale Ltd | L25: 78.69 | M25: 139.91 | N25: =VALUE(SUBSTITUTE(M25," GBP","")) -> 139.91 | O25: 182 | P25: 5 | Q25: MAN-A1 | R25: =UPPER(TRIM(Q25)) -> MAN-A1 | S25: 46186
A26: PRD00025 | B26: EC-KIT-0025 | C26: =UPPER(TRIM(B26)) -> EC-KIT-0025 | D26: Oak & Ember Plus Coffee Grinder | E26: =TRIM(D26) -> Oak & Ember Plus Coffee Grinder | F26: kitchen | G26: =PROPER(TRIM(F26)) -> Kitchen | H26: Oak & Ember | I26: {=PROPER(IF(TRIM(H26)<>"",TRIM(H26),IFERROR(INDEX('Brand Reference'!$A$2:$A$13,MATCH(TRUE,ISNUMBER(SEARCH('Brand Reference'!$A$2:$A$13,E26)),0)),"Unknown")))} -> Oak & Ember | J26: Ivory Peak Logistics | K26: =IF(J26="","Unknown",TRIM(PROPER(J26))) -> Ivory Peak Logistics | L26: 36.7 | M26: 73.19 | N26: =VALUE(SUBSTITUTE(M26," GBP","")) -> 73.19 | O26: 10 | P26: 25 | Q26: LON-A1 | R26: =UPPER(TRIM(Q26)) -> LON-A1 | S26: 45696
A27: PRD00026 | B27: EC-ELE-0026 | C27: =UPPER(TRIM(B27)) -> EC-ELE-0026 | D27: Urban Field Studio Webcam - White | E27: =TRIM(D27) -> Urban Field Studio Webcam - White | F27: Electronics | G27: =PROPER(TRIM(F27)) -> Electronics | H27: urban field | I27: {=PROPER(IF(TRIM(H27)<>"",TRIM(H27),IFERROR(INDEX('Brand Reference'!$A$2:$A$13,MATCH(TRUE,ISNUMBER(SEARCH('Brand Reference'!$A$2:$A$13,E27)),0)),"Unknown")))} -> Urban Field | J27: Juniper Merchants | K27: =IF(J27="","Unknown",TRIM(PROPER(J27))) -> Juniper Merchants | L27: 12.61 | M27: 21.93 GBP | N27: =VALUE(SUBSTITUTE(M27," GBP","")) -> 21.93 | O27: 154 | P27: 5 | Q27: LON-B2 | R27: =UPPER(TRIM(Q27)) -> LON-B2 | S27: 46161
A28: PRD00027 | B28: EC-ACC-0027 | C28: =UPPER(TRIM(B28)) -> EC-ACC-0027 | D28: Harbour & Hill Deluxe Screen Protector | E28: =TRIM(D28) -> Harbour & Hill Deluxe Screen Protector | F28: Accessories | G28: =PROPER(TRIM(F28)) -> Accessories | H28: Harbour & Hill | I28: {=PROPER(IF(TRIM(H28)<>"",TRIM(H28),IFERROR(INDEX('Brand Reference'!$A$2:$A$13,MATCH(TRUE,ISNUMBER(SEARCH('Brand Reference'!$A$2:$A$13,E28)),0)),"Unknown")))} -> Harbour & Hill | J28: Everwell Supply | K28: =IF(J28="","Unknown",TRIM(PROPER(J28))) -> Everwell Supply | L28: 57.06 | M28: 125.67 | N28: =VALUE(SUBSTITUTE(M28," GBP","")) -> 125.67 | O28: 93 | P28: 5 | Q28: LON-B2 | R28: =UPPER(TRIM(Q28)) -> LON-B2 | S28: 46104
A29: PRD00028 | B29: EC-ELE-0028 | C29: =UPPER(TRIM(B29)) -> EC-ELE-0028 | D29: Northstar Pro USB-C Hub | E29: =TRIM(D29) -> Northstar Pro USB-C Hub | F29: electronics | G29: =PROPER(TRIM(F29)) -> Electronics | H29: Northstar | I29: {=PROPER(IF(TRIM(H29)<>"",TRIM(H29),IFERROR(INDEX('Brand Reference'!$A$2:$A$13,MATCH(TRUE,ISNUMBER(SEARCH('Brand Reference'!$A$2:$A$13,E29)),0)),"Unknown")))} -> Northstar | J29: Ivory Peak Logistics | K29: =IF(J29="","Unknown",TRIM(PROPER(J29))) -> Ivory Peak Logistics | L29: 24.04 | M29: 40.78 | N29: =VALUE(SUBSTITUTE(M29," GBP","")) -> 40.78 | O29: 45 | P29: 12 | Q29: MAN-A1 | R29: =UPPER(TRIM(Q29)) -> MAN-A1 | S29: 45369
A30: PRD00029 | B30: ec-pet-0029 | C30: =UPPER(TRIM(B30)) -> EC-PET-0029 | D30: Kindred Mini Cat Toy | E30: =TRIM(D30) -> Kindred Mini Cat Toy | F30: Pet supplies | G30: =PROPER(TRIM(F30)) -> Pet Supplies | H30: kindred | I30: {=PROPER(IF(TRIM(H30)<>"",TRIM(H30),IFERROR(INDEX('Brand Reference'!$A$2:$A$13,MATCH(TRUE,ISNUMBER(SEARCH('Brand Reference'!$A$2:$A$13,E30)),0)),"Unknown")))} -> Kindred | J30: Ivory Peak Logistics | K30: =IF(J30="","Unknown",TRIM(PROPER(J30))) -> Ivory Peak Logistics | L30: 3.14 | M30: 7.62 | N30: =VALUE(SUBSTITUTE(M30," GBP","")) -> 7.62 | O30: 240 | P30: 5 | Q30: LON-B2 | R30: =UPPER(TRIM(Q30)) -> LON-B2 | S30: 45746
A31: PRD00030 | B31: EC-ACC-0030 | C31: =UPPER(TRIM(B31)) -> EC-ACC-0030 | D31: Kindred Mini Phone Case | E31: =TRIM(D31) -> Kindred Mini Phone Case | F31: Accessories | G31: =PROPER(TRIM(F31)) -> Accessories | H31: KINDRED | I31: {=PROPER(IF(TRIM(H31)<>"",TRIM(H31),IFERROR(INDEX('Brand Reference'!$A$2:$A$13,MATCH(TRUE,ISNUMBER(SEARCH('Brand Reference'!$A$2:$A$13,E31)),0)),"Unknown")))} -> Kindred | J31: Harbour Stockists | K31: =IF(J31="","Unknown",TRIM(PROPER(J31))) -> Harbour Stockists | L31: 25.03 | M31: 57.5 | N31: =VALUE(SUBSTITUTE(M31," GBP","")) -> 57.5 | O31: 191 | P31: 25 | Q31: GLA-A2 | R31: =UPPER(TRIM(Q31)) -> GLA-A2 | S31: 46232
A32: PRD00031 | B32: EC-HOM-0031 | C32: =UPPER(TRIM(B32)) -> EC-HOM-0031 | D32: Oak & Ember Everyday Desk Organiser | E32: =TRIM(D32) -> Oak & Ember Everyday Desk Organiser | F32: Home & Office | G32: =PROPER(TRIM(F32)) -> Home & Office | H32: Oak & Ember | I32: {=PROPER(IF(TRIM(H32)<>"",TRIM(H32),IFERROR(INDEX('Brand Reference'!$A$2:$A$13,MATCH(TRUE,ISNUMBER(SEARCH('Brand Reference'!$A$2:$A$13,E32)),0)),"Unknown")))} -> Oak & Ember | J32: Crownline Imports | K32: =IF(J32="","Unknown",TRIM(PROPER(J32))) -> Crownline Imports | L32: 14.93 | M32: 34.83 | N32: =VALUE(SUBSTITUTE(M32," GBP","")) -> 34.83 | O32: 181 | P32: 30 | Q32: LON-A1 | R32: =UPPER(TRIM(Q32)) -> LON-A1 | S32: 45368
A33: PRD00032 | B33: EC-KIT-0032 | C33: =UPPER(TRIM(B33)) -> EC-KIT-0032 | D33: Cedar Lane Plus Food Storage Set - Sage | E33: =TRIM(D33) -> Cedar Lane Plus Food Storage Set - Sage | F33: Kitchen | G33: =PROPER(TRIM(F33)) -> Kitchen | H33: Cedar Lane | I33: {=PROPER(IF(TRIM(H33)<>"",TRIM(H33),IFERROR(INDEX('Brand Reference'!$A$2:$A$13,MATCH(TRUE,ISNUMBER(SEARCH('Brand Reference'!$A$2:$A$13,E33)),0)),"Unknown")))} -> Cedar Lane | J33: Juniper Merchants | K33: =IF(J33="","Unknown",TRIM(PROPER(J33))) -> Juniper Merchants | L33: 63.43 | M33: 155.32 GBP | N33: =VALUE(SUBSTITUTE(M33," GBP","")) -> 155.32 | O33: 9 | P33: 15 | Q33: LON-A1 | R33: =UPPER(TRIM(Q33)) -> LON-A1 | S33: 45920
A34: PRD00033 | B34: EC-HOM-0033 | C34: =UPPER(TRIM(B34)) -> EC-HOM-0033 | D34: Cedar Lane Travel LED Strip Lights | E34: =TRIM(D34) -> Cedar Lane Travel LED Strip Lights | F34: Home & Office | G34: =PROPER(TRIM(F34)) -> Home & Office | H34: Cedar Lane | I34: {=PROPER(IF(TRIM(H34)<>"",TRIM(H34),IFERROR(INDEX('Brand Reference'!$A$2:$A$13,MATCH(TRUE,ISNUMBER(SEARCH('Brand Reference'!$A$2:$A$13,E34)),0)),"Unknown")))} -> Cedar Lane | J34: Everwell Supply | K34: =IF(J34="","Unknown",TRIM(PROPER(J34))) -> Everwell Supply | L34: 10.89 | M34: 16.4 | N34: =VALUE(SUBSTITUTE(M34," GBP","")) -> 16.4 | O34: 199 | P34: 25 | Q34: lon-a1 | R34: =UPPER(TRIM(Q34)) -> LON-A1 | S34: 45827
A35: PRD00034 | B35: EC-HOM-0034 | C35: =UPPER(TRIM(B35)) -> EC-HOM-0034 | D35: Nova Supply Everyday Desk Organiser | E35: =TRIM(D35) -> Nova Supply Everyday Desk Organiser | F35: Home & Office | G35: =PROPER(TRIM(F35)) -> Home & Office | H35: Nova Supply | I35: {=PROPER(IF(TRIM(H35)<>"",TRIM(H35),IFERROR(INDEX('Brand Reference'!$A$2:$A$13,MATCH(TRUE,ISNUMBER(SEARCH('Brand Reference'!$A$2:$A$13,E35)),0)),"Unknown")))} -> Nova Supply | J35: Aster Wholesale Ltd | K35: =IF(J35="","Unknown",TRIM(PROPER(J35))) -> Aster Wholesale Ltd | L35: 26.65 | M35: 44.35 | N35: =VALUE(SUBSTITUTE(M35," GBP","")) -> 44.35 | O35: 68 | P35: 30 | Q35: GLA-A2 | R35: =UPPER(TRIM(Q35)) -> GLA-A2 | S35: 45678
A36: PRD00035 | B36: EC-BEA-0035 | C36: =UPPER(TRIM(B36)) -> EC-BEA-0035 | D36: Harbour & Hill Mini Hand Cream - Natural | E36: =TRIM(D36) -> Harbour & Hill Mini Hand Cream - Natural | F36: Beauty | G36: =PROPER(TRIM(F36)) -> Beauty | H36: Harbour & Hill | I36: {=PROPER(IF(TRIM(H36)<>"",TRIM(H36),IFERROR(INDEX('Brand Reference'!$A$2:$A$13,MATCH(TRUE,ISNUMBER(SEARCH('Brand Reference'!$A$2:$A$13,E36)),0)),"Unknown")))} -> Harbour & Hill | J36: Bluegate Distribution | K36: =IF(J36="","Unknown",TRIM(PROPER(J36))) -> Bluegate Distribution | L36: 44.94 | M36: 69.55 | N36: =VALUE(SUBSTITUTE(M36," GBP","")) -> 69.55 | O36: 74 | P36: 12 | Q36: GLA-A2 | R36: =UPPER(TRIM(Q36)) -> GLA-A2 | S36: 45350
A37: PRD00036 | B37: EC-ELE-0036 | C37: =UPPER(TRIM(B37)) -> EC-ELE-0036 | D37: PixelWorks Compact Wireless Mouse | E37: =TRIM(D37) -> PixelWorks Compact Wireless Mouse | F37: electronics | G37: =PROPER(TRIM(F37)) -> Electronics | H37: PixelWorks | I37: {=PROPER(IF(TRIM(H37)<>"",TRIM(H37),IFERROR(INDEX('Brand Reference'!$A$2:$A$13,MATCH(TRUE,ISNUMBER(SEARCH('Brand Reference'!$A$2:$A$13,E37)),0)),"Unknown")))} -> Pixelworks | J37: Foxbridge Partners | K37: =IF(J37="","Unknown",TRIM(PROPER(J37))) -> Foxbridge Partners | L37: 46.26 | M37: 92.96 | N37: =VALUE(SUBSTITUTE(M37," GBP","")) -> 92.96 | O37: 127 | P37: 12 | Q37: BHM-C3 | R37: =UPPER(TRIM(Q37)) -> BHM-C3 | S37: 45509
A38: PRD00037 | B38: EC-ELE-0037 | C38: =UPPER(TRIM(B38)) -> EC-ELE-0037 | D38: Harbour & Hill Pro Mechanical Keyboard | E38: =TRIM(D38) -> Harbour & Hill Pro Mechanical Keyboard | F38: Electronics | G38: =PROPER(TRIM(F38)) -> Electronics | H38: Harbour & Hill | I38: {=PROPER(IF(TRIM(H38)<>"",TRIM(H38),IFERROR(INDEX('Brand Reference'!$A$2:$A$13,MATCH(TRUE,ISNUMBER(SEARCH('Brand Reference'!$A$2:$A$13,E38)),0)),"Unknown")))} -> Harbour & Hill | J38: Foxbridge Partners | K38: =IF(J38="","Unknown",TRIM(PROPER(J38))) -> Foxbridge Partners | L38: 11.93 | M38: 22.33 | N38: =VALUE(SUBSTITUTE(M38," GBP","")) -> 22.33 | O38: 255 | P38: 10 | Q38: LDS-B1 | R38: =UPPER(TRIM(Q38)) -> LDS-B1 | S38: 45797
A39: PRD00038 | B39: EC-HOM-0038 | C39: =UPPER(TRIM(B39)) -> EC-HOM-0038 | D39: PixelWorks Compact Desk Organiser | E39: =TRIM(D39) -> PixelWorks Compact Desk Organiser | F39: Home & Office | G39: =PROPER(TRIM(F39)) -> Home & Office | H39: PixelWorks | I39: {=PROPER(IF(TRIM(H39)<>"",TRIM(H39),IFERROR(INDEX('Brand Reference'!$A$2:$A$13,MATCH(TRUE,ISNUMBER(SEARCH('Brand Reference'!$A$2:$A$13,E39)),0)),"Unknown")))} -> Pixelworks | J39: Crownline Imports | K39: =IF(J39="","Unknown",TRIM(PROPER(J39))) -> Crownline Imports | L39: 9.48 | M39: 17.96 | N39: =VALUE(SUBSTITUTE(M39," GBP","")) -> 17.96 | O39: 159 | P39: 20 | Q39: MAN-A1 | R39: =UPPER(TRIM(Q39)) -> MAN-A1 | S39: 45754
A40: PRD00039 | B40: EC-PET-0039 | C40: =UPPER(TRIM(B40)) -> EC-PET-0039 | D40: Cedar Lane Mini Dog Lead | E40: =TRIM(D40) -> Cedar Lane Mini Dog Lead | F40: Pet Supplies | G40: =PROPER(TRIM(F40)) -> Pet Supplies | H40: Cedar Lane | I40: {=PROPER(IF(TRIM(H40)<>"",TRIM(H40),IFERROR(INDEX('Brand Reference'!$A$2:$A$13,MATCH(TRUE,ISNUMBER(SEARCH('Brand Reference'!$A$2:$A$13,E40)),0)),"Unknown")))} -> Cedar Lane | J40: Dovetail Trading Co. | K40: =IF(J40="","Unknown",TRIM(PROPER(J40))) -> Dovetail Trading Co. | L40: 62.13 | M40: 142.46 | N40: =VALUE(SUBSTITUTE(M40," GBP","")) -> 142.46 | O40: 206 | P40: 25 | Q40: BHM-C3 | R40: =UPPER(TRIM(Q40)) -> BHM-C3 | S40: 45653
A41: PRD00040 | B41: EC-KIT-0040 | C41: =UPPER(TRIM(B41)) -> EC-KIT-0040 | D41: PixelWorks Deluxe Ceramic Mug | E41: =TRIM(D41) -> PixelWorks Deluxe Ceramic Mug | F41: Kitchen | G41: =PROPER(TRIM(F41)) -> Kitchen | H41: PixelWorks | I41: {=PROPER(IF(TRIM(H41)<>"",TRIM(H41),IFERROR(INDEX('Brand Reference'!$A$2:$A$13,MATCH(TRUE,ISNUMBER(SEARCH('Brand Reference'!$A$2:$A$13,E41)),0)),"Unknown")))} -> Pixelworks | J41: Foxbridge Partners | K41: =IF(J41="","Unknown",TRIM(PROPER(J41))) -> Foxbridge Partners | L41: 14.98 | M41: 32.47 | N41: =VALUE(SUBSTITUTE(M41," GBP","")) -> 32.47 | O41: 65 | P41: 30 | Q41: LON-A1 | R41: =UPPER(TRIM(Q41)) -> LON-A1 | S41: 45840
A42: PRD00041 | B42: EC-ACC-0041 | C42: =UPPER(TRIM(B42)) -> EC-ACC-0041 | D42: Morrow Pro Canvas Tote Bag | E42: =TRIM(D42) -> Morrow Pro Canvas Tote Bag | F42: Accessories | G42: =PROPER(TRIM(F42)) -> Accessories | H42: Morrow | I42: {=PROPER(IF(TRIM(H42)<>"",TRIM(H42),IFERROR(INDEX('Brand Reference'!$A$2:$A$13,MATCH(TRUE,ISNUMBER(SEARCH('Brand Reference'!$A$2:$A$13,E42)),0)),"Unknown")))} -> Morrow | J42: Everwell Supply | K42: =IF(J42="","Unknown",TRIM(PROPER(J42))) -> Everwell Supply | L42: 24.41 | M42: 41.86 GBP | N42: =VALUE(SUBSTITUTE(M42," GBP","")) -> 41.86 | O42: 73 | P42: 10 | Q42: GLA-A2 | R42: =UPPER(TRIM(Q42)) -> GLA-A2 | S42: 45840
A43: PRD00042 | B43: EC-ACC-0042 | C43: =UPPER(TRIM(B43)) -> EC-ACC-0042 | D43: Harbour & Hill Classic Phone Case | E43: =TRIM(D43) -> Harbour & Hill Classic Phone Case | F43: Accessories | G43: =PROPER(TRIM(F43)) -> Accessories | H43: Harbour & Hill | I43: {=PROPER(IF(TRIM(H43)<>"",TRIM(H43),IFERROR(INDEX('Brand Reference'!$A$2:$A$13,MATCH(TRUE,ISNUMBER(SEARCH('Brand Reference'!$A$2:$A$13,E43)),0)),"Unknown")))} -> Harbour & Hill | J43: Foxbridge Partners | K43: =IF(J43="","Unknown",TRIM(PROPER(J43))) -> Foxbridge Partners | L43: 58.02 | M43: 99.82 | N43: =VALUE(SUBSTITUTE(M43," GBP","")) -> 99.82 | O43: 253 | P43: 15 | Q43: lds-b1 | R43: =UPPER(TRIM(Q43)) -> LDS-B1 | S43: 46161
A44: PRD00043 | B44: ec-ele-0043 | C44: =UPPER(TRIM(B44)) -> EC-ELE-0043 | D44: Harbour & Hill Plus Laptop Stand - Navy | E44: =TRIM(D44) -> Harbour & Hill Plus Laptop Stand - Navy | F44: Electronics | G44: =PROPER(TRIM(F44)) -> Electronics | H44: Harbour & Hill | I44: {=PROPER(IF(TRIM(H44)<>"",TRIM(H44),IFERROR(INDEX('Brand Reference'!$A$2:$A$13,MATCH(TRUE,ISNUMBER(SEARCH('Brand Reference'!$A$2:$A$13,E44)),0)),"Unknown")))} -> Harbour & Hill | J44: Harbour Stockists | K44: =IF(J44="","Unknown",TRIM(PROPER(J44))) -> Harbour Stockists | L44: 48.48 | M44: 78.9 | N44: =VALUE(SUBSTITUTE(M44," GBP","")) -> 78.9 | O44: 171 | P44: 30 | Q44: MAN-A1 | R44: =UPPER(TRIM(Q44)) -> MAN-A1 | S44: 46266
A45: PRD00044 | B45: EC-ELE-0044 | C45: =UPPER(TRIM(B45)) -> EC-ELE-0044 | D45: Brightline Eco Bluetooth Speaker | E45: =TRIM(D45) -> Brightline Eco Bluetooth Speaker | F45: electronics | G45: =PROPER(TRIM(F45)) -> Electronics | H45: Brightline | I45: {=PROPER(IF(TRIM(H45)<>"",TRIM(H45),IFERROR(INDEX('Brand Reference'!$A$2:$A$13,MATCH(TRUE,ISNUMBER(SEARCH('Brand Reference'!$A$2:$A$13,E45)),0)),"Unknown")))} -> Brightline | K45: =IF(J45="","Unknown",TRIM(PROPER(J45))) -> Unknown | L45: 80.2 | M45: 137.08 | N45: =VALUE(SUBSTITUTE(M45," GBP","")) -> 137.08 | O45: 107 | P45: 40 | Q45: LDS-B1 | R45: =UPPER(TRIM(Q45)) -> LDS-B1 | S45: 45859
A46: PRD00045 | B46: EC-ELE-0045 | C46: =UPPER(TRIM(B46)) -> EC-ELE-0045 | D46: Cedar Lane Plus Phone Charger | E46: =TRIM(D46) -> Cedar Lane Plus Phone Charger | F46: Electronics | G46: =PROPER(TRIM(F46)) -> Electronics | H46: Cedar Lane | I46: {=PROPER(IF(TRIM(H46)<>"",TRIM(H46),IFERROR(INDEX('Brand Reference'!$A$2:$A$13,MATCH(TRUE,ISNUMBER(SEARCH('Brand Reference'!$A$2:$A$13,E46)),0)),"Unknown")))} -> Cedar Lane | J46: Dovetail Trading Co. | K46: =IF(J46="","Unknown",TRIM(PROPER(J46))) -> Dovetail Trading Co. | L46: 3.14 | M46: 4.57 | N46: =VALUE(SUBSTITUTE(M46," GBP","")) -> 4.57 | O46: 168 | P46: 15 | Q46: GLA-A2 | R46: =UPPER(TRIM(Q46)) -> GLA-A2 | S46: 46241
A47: PRD00046 | B47: EC-STA-0046 | C47: =UPPER(TRIM(B47)) -> EC-STA-0046 | D47: Kindred Pro Notebook Set | E47: =TRIM(D47) -> Kindred Pro Notebook Set | F47: Stationery | G47: =PROPER(TRIM(F47)) -> Stationery | H47: KINDRED | I47: {=PROPER(IF(TRIM(H47)<>"",TRIM(H47),IFERROR(INDEX('Brand Reference'!$A$2:$A$13,MATCH(TRUE,ISNUMBER(SEARCH('Brand Reference'!$A$2:$A$13,E47)),0)),"Unknown")))} -> Kindred | K47: =IF(J47="","Unknown",TRIM(PROPER(J47))) -> Unknown | L47: 61.14 | M47: 128.35 | N47: =VALUE(SUBSTITUTE(M47," GBP","")) -> 128.35 | O47: 68 | P47: 10 | Q47: bhm-c3 | R47: =UPPER(TRIM(Q47)) -> BHM-C3 | S47: 45349
A48: PRD00047 | B48: EC-STA-0047 | C48: =UPPER(TRIM(B48)) -> EC-STA-0047 | D48: Cedar Lane Plus Ballpoint Pens | E48: =TRIM(D48) -> Cedar Lane Plus Ballpoint Pens | F48: Stationery | G48: =PROPER(TRIM(F48)) -> Stationery | H48: Cedar Lane | I48: {=PROPER(IF(TRIM(H48)<>"",TRIM(H48),IFERROR(INDEX('Brand Reference'!$A$2:$A$13,MATCH(TRUE,ISNUMBER(SEARCH('Brand Reference'!$A$2:$A$13,E48)),0)),"Unknown")))} -> Cedar Lane | J48: Foxbridge Partners | K48: =IF(J48="","Unknown",TRIM(PROPER(J48))) -> Foxbridge Partners | L48: 84.04 | M48: 197.62 GBP | N48: =VALUE(SUBSTITUTE(M48," GBP","")) -> 197.62 | O48: 174 | P48: 25 | Q48: GLA-A2 | R48: =UPPER(TRIM(Q48)) -> GLA-A2 | S48: 46003
A49: PRD00048 | B49: EC-APP-0048 | C49: =UPPER(TRIM(B49)) -> EC-APP-0048 | D49: Morrow Mini Running Socks - Sage | E49: =TRIM(D49) -> Morrow Mini Running Socks - Sage | F49: Apparel | G49: =PROPER(TRIM(F49)) -> Apparel | H49: Morrow | I49: {=PROPER(IF(TRIM(H49)<>"",TRIM(H49),IFERROR(INDEX('Brand Reference'!$A$2:$A$13,MATCH(TRUE,ISNUMBER(SEARCH('Brand Reference'!$A$2:$A$13,E49)),0)),"Unknown")))} -> Morrow | J49: Dovetail Trading Co. | K49: =IF(J49="","Unknown",TRIM(PROPER(J49))) -> Dovetail Trading Co. | L49: 42.77 | M49: 58.76 | N49: =VALUE(SUBSTITUTE(M49," GBP","")) -> 58.76 | O49: 187 | P49: 20 | Q49: MAN-A1 | R49: =UPPER(TRIM(Q49)) -> MAN-A1 | S49: 46246
A50: PRD00049 | B50: EC-PET-0049 | C50: =UPPER(TRIM(B50)) -> EC-PET-0049 | D50: Kindred Deluxe Dog Lead - Sage | E50: =TRIM(D50) -> Kindred Deluxe Dog Lead - Sage | F50: Pet Supplies | G50: =PROPER(TRIM(F50)) -> Pet Supplies | H50: Kindred | I50: {=PROPER(IF(TRIM(H50)<>"",TRIM(H50),IFERROR(INDEX('Brand Reference'!$A$2:$A$13,MATCH(TRUE,ISNUMBER(SEARCH('Brand Reference'!$A$2:$A$13,E50)),0)),"Unknown")))} -> Kindred | J50: Juniper Merchants | K50: =IF(J50="","Unknown",TRIM(PROPER(J50))) -> Juniper Merchants | L50: 6.69 | M50: 12.06 | N50: =VALUE(SUBSTITUTE(M50," GBP","")) -> 12.06 | O50: 33 | P50: 20 | Q50: LON-A1 | R50: =UPPER(TRIM(Q50)) -> LON-A1 | S50: 46280
A51: PRD00050 | B51: EC-PET-0050 | C51: =UPPER(TRIM(B51)) -> EC-PET-0050 | D51: Kite & Key Mini Cat Toy | E51: =TRIM(D51) -> Kite & Key Mini Cat Toy | F51: Pet Supplies | G51: =PROPER(TRIM(F51)) -> Pet Supplies | H51: Kite & Key | I51: {=PROPER(IF(TRIM(H51)<>"",TRIM(H51),IFERROR(INDEX('Brand Reference'!$A$2:$A$13,MATCH(TRUE,ISNUMBER(SEARCH('Brand Reference'!$A$2:$A$13,E51)),0)),"Unknown")))} -> Kite & Key | J51: Bluegate Distribution | K51: =IF(J51="","Unknown",TRIM(PROPER(J51))) -> Bluegate Distribution | L51: 30.32 | M51: 46.97 | N51: =VALUE(SUBSTITUTE(M51," GBP","")) -> 46.97 | O51: 89 | P51: 20 | Q51: GLA-A2 | R51: =UPPER(TRIM(Q51)) -> GLA-A2 | S51: 46076
A52: PRD00051 | B52: EC-ELE-0051 | C52: =UPPER(TRIM(B52)) -> EC-ELE-0051 | D52: Morrow Everyday USB-C Hub | E52: =TRIM(D52) -> Morrow Everyday USB-C Hub | F52: Electronics | G52: =PROPER(TRIM(F52)) -> Electronics | I52: {=PROPER(IF(TRIM(H52)<>"",TRIM(H52),IFERROR(INDEX('Brand Reference'!$A$2:$A$13,MATCH(TRUE,ISNUMBER(SEARCH('Brand Reference'!$A$2:$A$13,E52)),0)),"Unknown")))} -> Morrow | J52: Crownline Imports | K52: =IF(J52="","Unknown",TRIM(PROPER(J52))) -> Crownline Imports | L52: 73.03 | M52: 108.75 | N52: =VALUE(SUBSTITUTE(M52," GBP","")) -> 108.75 | O52: 108 | P52: 20 | Q52: GLA-A2 | R52: =UPPER(TRIM(Q52)) -> GLA-A2 | S52: 46292
A53: PRD00052 | B53: EC-FIT-0052 | C53: =UPPER(TRIM(B53)) -> EC-FIT-0052 | D53: PixelWorks Eco Resistance Bands | E53: =TRIM(D53) -> PixelWorks Eco Resistance Bands | F53: Fitness | G53: =PROPER(TRIM(F53)) -> Fitness | H53: PixelWorks | I53: {=PROPER(IF(TRIM(H53)<>"",TRIM(H53),IFERROR(INDEX('Brand Reference'!$A$2:$A$13,MATCH(TRUE,ISNUMBER(SEARCH('Brand Reference'!$A$2:$A$13,E53)),0)),"Unknown")))} -> Pixelworks | J53: Juniper Merchants | K53: =IF(J53="","Unknown",TRIM(PROPER(J53))) -> Juniper Merchants | L53: 62.33 | M53: 97.11 | N53: =VALUE(SUBSTITUTE(M53," GBP","")) -> 97.11 | O53: 78 | P53: 12 | Q53: LON-A1 | R53: =UPPER(TRIM(Q53)) -> LON-A1 | S53: 45560
A54: PRD00053 | B54: ec-ele-0053 | C54: =UPPER(TRIM(B54)) -> EC-ELE-0053 | D54: Oak & Ember Pro Bluetooth Speaker - Navy | E54: =TRIM(D54) -> Oak & Ember Pro Bluetooth Speaker - Navy | F54: Electronics | G54: =PROPER(TRIM(F54)) -> Electronics | H54: Oak & Ember | I54: {=PROPER(IF(TRIM(H54)<>"",TRIM(H54),IFERROR(INDEX('Brand Reference'!$A$2:$A$13,MATCH(TRUE,ISNUMBER(SEARCH('Brand Reference'!$A$2:$A$13,E54)),0)),"Unknown")))} -> Oak & Ember | J54: Crownline Imports | K54: =IF(J54="","Unknown",TRIM(PROPER(J54))) -> Crownline Imports | L54: 81.94 | M54: 173.08 | N54: =VALUE(SUBSTITUTE(M54," GBP","")) -> 173.08 | O54: 65 | P54: 40 | Q54: lds-b1 | R54: =UPPER(TRIM(Q54)) -> LDS-B1 | S54: 45636
A55: PRD00054 | B55: EC-STA-0054 | C55: =UPPER(TRIM(B55)) -> EC-STA-0054 | D55: Nova Supply Premium Ballpoint Pens | E55: =TRIM(D55) -> Nova Supply Premium Ballpoint Pens | F55: Stationery | G55: =PROPER(TRIM(F55)) -> Stationery | H55: Nova Supply | I55: {=PROPER(IF(TRIM(H55)<>"",TRIM(H55),IFERROR(INDEX('Brand Reference'!$A$2:$A$13,MATCH(TRUE,ISNUMBER(SEARCH('Brand Reference'!$A$2:$A$13,E55)),0)),"Unknown")))} -> Nova Supply | J55: Ivory Peak Logistics | K55: =IF(J55="","Unknown",TRIM(PROPER(J55))) -> Ivory Peak Logistics | L55: 42.75 | M55: 83.39 | N55: =VALUE(SUBSTITUTE(M55," GBP","")) -> 83.39 | O55: 14 | P55: 20 | Q55: MAN-A1 | R55: =UPPER(TRIM(Q55)) -> MAN-A1 | S55: 45744
A56: PRD00055 | B56: EC-ELE-0055 | C56: =UPPER(TRIM(B56)) -> EC-ELE-0055 | D56: Morrow Eco Phone Charger - Charcoal | E56: =TRIM(D56) -> Morrow Eco Phone Charger - Charcoal | F56: electronics | G56: =PROPER(TRIM(F56)) -> Electronics | H56: Morrow | I56: {=PROPER(IF(TRIM(H56)<>"",TRIM(H56),IFERROR(INDEX('Brand Reference'!$A$2:$A$13,MATCH(TRUE,ISNUMBER(SEARCH('Brand Reference'!$A$2:$A$13,E56)),0)),"Unknown")))} -> Morrow | J56: Aster Wholesale Ltd | K56: =IF(J56="","Unknown",TRIM(PROPER(J56))) -> Aster Wholesale Ltd | L56: 29.07 | M56: 62.1 | N56: =VALUE(SUBSTITUTE(M56," GBP","")) -> 62.1 | O56: 20 | P56: 40 | Q56: LON-A1 | R56: =UPPER(TRIM(Q56)) -> LON-A1
A57: PRD00056 | B57: EC-HOM-0056 | C57: =UPPER(TRIM(B57)) -> EC-HOM-0056 | D57: Kindred Plus Desk Organiser | E57: =TRIM(D57) -> Kindred Plus Desk Organiser | F57: Home & Office | G57: =PROPER(TRIM(F57)) -> Home & Office | H57: Kindred | I57: {=PROPER(IF(TRIM(H57)<>"",TRIM(H57),IFERROR(INDEX('Brand Reference'!$A$2:$A$13,MATCH(TRUE,ISNUMBER(SEARCH('Brand Reference'!$A$2:$A$13,E57)),0)),"Unknown")))} -> Kindred | J57: Dovetail Trading Co. | K57: =IF(J57="","Unknown",TRIM(PROPER(J57))) -> Dovetail Trading Co. | L57: 4.53 | M57: 8.62 GBP | N57: =VALUE(SUBSTITUTE(M57," GBP","")) -> 8.62 | O57: 46 | P57: 30 | Q57: LON-B2 | R57: =UPPER(TRIM(Q57)) -> LON-B2 | S57: 46179
A58: PRD00057 | B58: EC-APP-0057 | C58: =UPPER(TRIM(B58)) -> EC-APP-0057 | D58: Nova Supply Essential Cotton T-Shirt | E58: =TRIM(D58) -> Nova Supply Essential Cotton T-Shirt | F58: Apparel | G58: =PROPER(TRIM(F58)) -> Apparel | H58: Nova Supply | I58: {=PROPER(IF(TRIM(H58)<>"",TRIM(H58),IFERROR(INDEX('Brand Reference'!$A$2:$A$13,MATCH(TRUE,ISNUMBER(SEARCH('Brand Reference'!$A$2:$A$13,E58)),0)),"Unknown")))} -> Nova Supply | J58: Dovetail Trading Co. | K58: =IF(J58="","Unknown",TRIM(PROPER(J58))) -> Dovetail Trading Co. | L58: 46.57 | M58: 107.46 | N58: =VALUE(SUBSTITUTE(M58," GBP","")) -> 107.46 | O58: 216 | P58: 40 | Q58: MAN-A1 | R58: =UPPER(TRIM(Q58)) -> MAN-A1 | S58: 46035
A59: PRD00058 | B59: EC-ACC-0058 | C59: =UPPER(TRIM(B59)) -> EC-ACC-0058 | D59: Cedar Lane Studio Sunglasses - Blue | E59: =TRIM(D59) -> Cedar Lane Studio Sunglasses - Blue | F59: Accessories | G59: =PROPER(TRIM(F59)) -> Accessories | H59: Cedar Lane | I59: {=PROPER(IF(TRIM(H59)<>"",TRIM(H59),IFERROR(INDEX('Brand Reference'!$A$2:$A$13,MATCH(TRUE,ISNUMBER(SEARCH('Brand Reference'!$A$2:$A$13,E59)),0)),"Unknown")))} -> Cedar Lane | J59: Juniper Merchants | K59: =IF(J59="","Unknown",TRIM(PROPER(J59))) -> Juniper Merchants | L59: 76.47 | M59: 165.4 | N59: =VALUE(SUBSTITUTE(M59," GBP","")) -> 165.4 | O59: 59 | P59: 10 | Q59: LDS-B1 | R59: =UPPER(TRIM(Q59)) -> LDS-B1 | S59: 46016
A60: PRD00059 | B60: EC-ELE-0059 | C60: =UPPER(TRIM(B60)) -> EC-ELE-0059 | D60: Urban Field Everyday Webcam - Charcoal | E60: =TRIM(D60) -> Urban Field Everyday Webcam - Charcoal | F60: Electronics | G60: =PROPER(TRIM(F60)) -> Electronics | H60: Urban Field | I60: {=PROPER(IF(TRIM(H60)<>"",TRIM(H60),IFERROR(INDEX('Brand Reference'!$A$2:$A$13,MATCH(TRUE,ISNUMBER(SEARCH('Brand Reference'!$A$2:$A$13,E60)),0)),"Unknown")))} -> Urban Field | J60: Everwell Supply | K60: =IF(J60="","Unknown",TRIM(PROPER(J60))) -> Everwell Supply | L60: 80.69 | M60: 196.18 | N60: =VALUE(SUBSTITUTE(M60," GBP","")) -> 196.18 | O60: 15 | P60: 12 | Q60: lds-b1 | R60: =UPPER(TRIM(Q60)) -> LDS-B1 | S60: 45842
A61: PRD00060 | B61: EC-ACC-0060 | C61: =UPPER(TRIM(B61)) -> EC-ACC-0060 | D61: Northstar Essential Phone Case | E61: =TRIM(D61) -> Northstar Essential Phone Case | F61: Accessories | G61: =PROPER(TRIM(F61)) -> Accessories | H61: Northstar | I61: {=PROPER(IF(TRIM(H61)<>"",TRIM(H61),IFERROR(INDEX('Brand Reference'!$A$2:$A$13,MATCH(TRUE,ISNUMBER(SEARCH('Brand Reference'!$A$2:$A$13,E61)),0)),"Unknown")))} -> Northstar | J61: Ivory Peak Logistics | K61: =IF(J61="","Unknown",TRIM(PROPER(J61))) -> Ivory Peak Logistics | L61: 24.81 | M61: 43.16 | N61: =VALUE(SUBSTITUTE(M61," GBP","")) -> 43.16 | O61: 70 | P61: 10 | Q61: LON-B2 | R61: =UPPER(TRIM(Q61)) -> LON-B2 | S61: 45586
A62: PRD00061 | B62: EC-BEA-0061 | C62: =UPPER(TRIM(B62)) -> EC-BEA-0061 | D62: Harbour & Hill Studio Facial Cleanser - Graphite | E62: =TRIM(D62) -> Harbour & Hill Studio Facial Cleanser - Graphite | F62: Beauty | G62: =PROPER(TRIM(F62)) -> Beauty | H62: Harbour & Hill | I62: {=PROPER(IF(TRIM(H62)<>"",TRIM(H62),IFERROR(INDEX('Brand Reference'!$A$2:$A$13,MATCH(TRUE,ISNUMBER(SEARCH('Brand Reference'!$A$2:$A$13,E62)),0)),"Unknown")))} -> Harbour & Hill | J62: Harbour Stockists | K62: =IF(J62="","Unknown",TRIM(PROPER(J62))) -> Harbour Stockists | L62: 60.01 | M62: 117.99 | N62: =VALUE(SUBSTITUTE(M62," GBP","")) -> 117.99 | O62: 130 | P62: 10 | Q62: MAN-A1 | R62: =UPPER(TRIM(Q62)) -> MAN-A1 | S62: 46236
A63: PRD00062 | B63: EC-PET-0062 | C63: =UPPER(TRIM(B63)) -> EC-PET-0062 | D63: Cedar Lane Compact Cat Toy | E63: =TRIM(D63) -> Cedar Lane Compact Cat Toy | F63: Pet Supplies | G63: =PROPER(TRIM(F63)) -> Pet Supplies | H63: Cedar Lane | I63: {=PROPER(IF(TRIM(H63)<>"",TRIM(H63),IFERROR(INDEX('Brand Reference'!$A$2:$A$13,MATCH(TRUE,ISNUMBER(SEARCH('Brand Reference'!$A$2:$A$13,E63)),0)),"Unknown")))} -> Cedar Lane | J63: Juniper Merchants | K63: =IF(J63="","Unknown",TRIM(PROPER(J63))) -> Juniper Merchants | L63: 8.87 | M63: 12.38 | N63: =VALUE(SUBSTITUTE(M63," GBP","")) -> 12.38 | O63: 231 | P63: 10 | Q63: BHM-C3 | R63: =UPPER(TRIM(Q63)) -> BHM-C3 | S63: 46083
A64: PRD00063 | B64: ec-bea-0063 | C64: =UPPER(TRIM(B64)) -> EC-BEA-0063 | D64: Cedar Lane Classic Hand Cream | E64: =TRIM(D64) -> Cedar Lane Classic Hand Cream | F64: Beauty | G64: =PROPER(TRIM(F64)) -> Beauty | H64: Cedar Lane | I64: {=PROPER(IF(TRIM(H64)<>"",TRIM(H64),IFERROR(INDEX('Brand Reference'!$A$2:$A$13,MATCH(TRUE,ISNUMBER(SEARCH('Brand Reference'!$A$2:$A$13,E64)),0)),"Unknown")))} -> Cedar Lane | J64: Aster Wholesale Ltd | K64: =IF(J64="","Unknown",TRIM(PROPER(J64))) -> Aster Wholesale Ltd | L64: 13.32 | M64: 19.52 | N64: =VALUE(SUBSTITUTE(M64," GBP","")) -> 19.52 | O64: 47 | P64: 12 | Q64: LON-A1 | R64: =UPPER(TRIM(Q64)) -> LON-A1 | S64: 45814
A65: PRD00064 | B65: EC-ELE-0064 | C65: =UPPER(TRIM(B65)) -> EC-ELE-0064 | D65: Kite & Key Travel Mechanical Keyboard | E65: =TRIM(D65) -> Kite & Key Travel Mechanical Keyboard | F65: Electronics | G65: =PROPER(TRIM(F65)) -> Electronics | H65: Kite & Key | I65: {=PROPER(IF(TRIM(H65)<>"",TRIM(H65),IFERROR(INDEX('Brand Reference'!$A$2:$A$13,MATCH(TRUE,ISNUMBER(SEARCH('Brand Reference'!$A$2:$A$13,E65)),0)),"Unknown")))} -> Kite & Key | J65: Dovetail Trading Co. | K65: =IF(J65="","Unknown",TRIM(PROPER(J65))) -> Dovetail Trading Co. | L65: 73.12 | M65: 125.65 | N65: =VALUE(SUBSTITUTE(M65," GBP","")) -> 125.65 | O65: 78 | P65: 20 | Q65: man-a1 | R65: =UPPER(TRIM(Q65)) -> MAN-A1 | S65: 46256
A66: PRD00065 | B66: EC-BEA-0065 | C66: =UPPER(TRIM(B66)) -> EC-BEA-0065 | D66: Kindred Everyday Facial Cleanser - Charcoal | E66: =TRIM(D66) -> Kindred Everyday Facial Cleanser - Charcoal | F66: Beauty | G66: =PROPER(TRIM(F66)) -> Beauty | H66: Kindred | I66: {=PROPER(IF(TRIM(H66)<>"",TRIM(H66),IFERROR(INDEX('Brand Reference'!$A$2:$A$13,MATCH(TRUE,ISNUMBER(SEARCH('Brand Reference'!$A$2:$A$13,E66)),0)),"Unknown")))} -> Kindred | J66: Juniper Merchants | K66: =IF(J66="","Unknown",TRIM(PROPER(J66))) -> Juniper Merchants | L66: 73.51 | M66: 124.52 | N66: =VALUE(SUBSTITUTE(M66," GBP","")) -> 124.52 | O66: 21 | P66: 40 | Q66: LON-B2 | R66: =UPPER(TRIM(Q66)) -> LON-B2 | S66: 45802
A67: PRD00066 | B67: EC-HOM-0066 | C67: =UPPER(TRIM(B67)) -> EC-HOM-0066 | D67: Everyday Co. Studio Ergonomic Chair | E67: =TRIM(D67) -> Everyday Co. Studio Ergonomic Chair | F67: Home & Office | G67: =PROPER(TRIM(F67)) -> Home & Office | H67: Everyday Co. | I67: {=PROPER(IF(TRIM(H67)<>"",TRIM(H67),IFERROR(INDEX('Brand Reference'!$A$2:$A$13,MATCH(TRUE,ISNUMBER(SEARCH('Brand Reference'!$A$2:$A$13,E67)),0)),"Unknown")))} -> Everyday Co. | J67: Ivory Peak Logistics | K67: =IF(J67="","Unknown",TRIM(PROPER(J67))) -> Ivory Peak Logistics | L67: 42.18 | M67: 57.7 | N67: =VALUE(SUBSTITUTE(M67," GBP","")) -> 57.7 | O67: 111 | P67: 30 | Q67: BHM-C3 | R67: =UPPER(TRIM(Q67)) -> BHM-C3 | S67: 45361
A68: PRD00067 | B68: EC-HOM-0067 | C68: =UPPER(TRIM(B68)) -> EC-HOM-0067 | D68: Brightline Travel Travel Mug | E68: =TRIM(D68) -> Brightline Travel Travel Mug | F68: Home & Office | G68: =PROPER(TRIM(F68)) -> Home & Office | H68: Brightline | I68: {=PROPER(IF(TRIM(H68)<>"",TRIM(H68),IFERROR(INDEX('Brand Reference'!$A$2:$A$13,MATCH(TRUE,ISNUMBER(SEARCH('Brand Reference'!$A$2:$A$13,E68)),0)),"Unknown")))} -> Brightline | J68: Ivory Peak Logistics | K68: =IF(J68="","Unknown",TRIM(PROPER(J68))) -> Ivory Peak Logistics | L68: 37.95 | M68: 81.93 | N68: =VALUE(SUBSTITUTE(M68," GBP","")) -> 81.93 | O68: 13 | P68: 25 | Q68: lon-a1 | R68: =UPPER(TRIM(Q68)) -> LON-A1 | S68: 45632
A69: PRD00068 | B69: ec-kit-0068 | C69: =UPPER(TRIM(B69)) -> EC-KIT-0068 | D69: Brightline Studio Food Storage Set | E69: =TRIM(D69) -> Brightline Studio Food Storage Set | F69: Kitchen | G69: =PROPER(TRIM(F69)) -> Kitchen | H69: Brightline | I69: {=PROPER(IF(TRIM(H69)<>"",TRIM(H69),IFERROR(INDEX('Brand Reference'!$A$2:$A$13,MATCH(TRUE,ISNUMBER(SEARCH('Brand Reference'!$A$2:$A$13,E69)),0)),"Unknown")))} -> Brightline | J69: Aster Wholesale Ltd | K69: =IF(J69="","Unknown",TRIM(PROPER(J69))) -> Aster Wholesale Ltd | L69: 40.06 | M69: 89.68 | N69: =VALUE(SUBSTITUTE(M69," GBP","")) -> 89.68 | O69: 54 | P69: 30 | Q69: LON-B2 | R69: =UPPER(TRIM(Q69)) -> LON-B2 | S69: 46113
... A73: PRD00072 | B73: EC-HOM-0072 | C73: =UPPER(TRIM(B73)) -> EC-HOM-0072 | D73: Cedar Lane Everyday Desk Organiser | E73: =TRIM(D73) -> Cedar Lane Everyday Desk Organiser | F73: Home & Office | G73: =PROPER(TRIM(F73)) -> Home & Office | H73: cedar lane | I73: {=PROPER(IF(TRIM(H73)<>"",TRIM(H73),IFERROR(INDEX('Brand Reference'!$A$2:$A$13,MATCH(TRUE,ISNUMBER(SEARCH('Brand Reference'!$A$2:$A$13,E73)),0)),"Unknown")))} -> Cedar Lane | J73: Dovetail Trading Co. | K73: =IF(J73="","Unknown",TRIM(PROPER(J73))) -> Dovetail Trading Co. | L73: 47.05 | M73: 75.33 | N73: =VALUE(SUBSTITUTE(M73," GBP","")) -> 75.33 | O73: 201 | P73: 40 | Q73: LON-A1 | R73: =UPPER(TRIM(Q73)) -> LON-A1 | S73: 45471
A74: PRD00073 | B74: EC-ACC-0073 | C74: =UPPER(TRIM(B74)) -> EC-ACC-0073 | D74: Harbour & Hill Travel Screen Protector | E74: =TRIM(D74) -> Harbour & Hill Travel Screen Protector | F74: Accessories | G74: =PROPER(TRIM(F74)) -> Accessories | I74: {=PROPER(IF(TRIM(H74)<>"",TRIM(H74),IFERROR(INDEX('Brand Reference'!$A$2:$A$13,MATCH(TRUE,ISNUMBER(SEARCH('Brand Reference'!$A$2:$A$13,E74)),0)),"Unknown")))} -> Harbour & Hill | J74: Greenway Goods | K74: =IF(J74="","Unknown",TRIM(PROPER(J74))) -> Greenway Goods | L74: 53.75 | M74: 82.71 | N74: =VALUE(SUBSTITUTE(M74," GBP","")) -> 82.71 | O74: 84 | P74: 15 | Q74: man-a1 | R74: =UPPER(TRIM(Q74)) -> MAN-A1 | S74: 45982
A75: PRD00074 | B75: EC-STA-0074 | C75: =UPPER(TRIM(B75)) -> EC-STA-0074 | D75: Morrow Compact Notebook Set | E75: =TRIM(D75) -> Morrow Compact Notebook Set | F75: Stationery | G75: =PROPER(TRIM(F75)) -> Stationery | H75: Morrow | I75: {=PROPER(IF(TRIM(H75)<>"",TRIM(H75),IFERROR(INDEX('Brand Reference'!$A$2:$A$13,MATCH(TRUE,ISNUMBER(SEARCH('Brand Reference'!$A$2:$A$13,E75)),0)),"Unknown")))} -> Morrow | J75: Foxbridge Partners | K75: =IF(J75="","Unknown",TRIM(PROPER(J75))) -> Foxbridge Partners | L75: 64.12 | M75: 95.75 | N75: =VALUE(SUBSTITUTE(M75," GBP","")) -> 95.75 | O75: 124 | P75: 40 | Q75: LON-B2 | R75: =UPPER(TRIM(Q75)) -> LON-B2 | S75: 45597
A76: PRD00075 | B76: EC-GAR-0075 | C76: =UPPER(TRIM(B76)) -> EC-GAR-0075 | D76: Everyday Co. Premium Plant Pot | E76: =TRIM(D76) -> Everyday Co. Premium Plant Pot | F76: Garden | G76: =PROPER(TRIM(F76)) -> Garden | H76: Everyday Co. | I76: {=PROPER(IF(TRIM(H76)<>"",TRIM(H76),IFERROR(INDEX('Brand Reference'!$A$2:$A$13,MATCH(TRUE,ISNUMBER(SEARCH('Brand Reference'!$A$2:$A$13,E76)),0)),"Unknown")))} -> Everyday Co. | J76: Bluegate Distribution | K76: =IF(J76="","Unknown",TRIM(PROPER(J76))) -> Bluegate Distribution | L76: 9.62 | M76: 20.37 | N76: =VALUE(SUBSTITUTE(M76," GBP","")) -> 20.37 | O76: 214 | P76: 25 | Q76: LDS-B1 | R76: =UPPER(TRIM(Q76)) -> LDS-B1 | S76: 46021
A77: PRD00076 | B77: EC-HOM-0076 | C77: =UPPER(TRIM(B77)) -> EC-HOM-0076 | D77: Northstar Eco Desk Organiser - Sage | E77: =TRIM(D77) -> Northstar Eco Desk Organiser - Sage | F77: Home & Office | G77: =PROPER(TRIM(F77)) -> Home & Office | H77: Northstar | I77: {=PROPER(IF(TRIM(H77)<>"",TRIM(H77),IFERROR(INDEX('Brand Reference'!$A$2:$A$13,MATCH(TRUE,ISNUMBER(SEARCH('Brand Reference'!$A$2:$A$13,E77)),0)),"Unknown")))} -> Northstar | J77: Ivory Peak Logistics | K77: =IF(J77="","Unknown",TRIM(PROPER(J77))) -> Ivory Peak Logistics | L77: 33.44 | M77: 54.15 | N77: =VALUE(SUBSTITUTE(M77," GBP","")) -> 54.15 | O77: 155 | P77: 12 | Q77: LON-A1 | R77: =UPPER(TRIM(Q77)) -> LON-A1 | S77: 45920
A78: PRD00077 | B78: EC-KIT-0077 | C78: =UPPER(TRIM(B78)) -> EC-KIT-0077 | D78: Kindred Premium Coffee Grinder | E78: =TRIM(D78) -> Kindred Premium Coffee Grinder | F78: Kitchen | G78: =PROPER(TRIM(F78)) -> Kitchen | I78: {=PROPER(IF(TRIM(H78)<>"",TRIM(H78),IFERROR(INDEX('Brand Reference'!$A$2:$A$13,MATCH(TRUE,ISNUMBER(SEARCH('Brand Reference'!$A$2:$A$13,E78)),0)),"Unknown")))} -> Kindred | J78: Bluegate Distribution | K78: =IF(J78="","Unknown",TRIM(PROPER(J78))) -> Bluegate Distribution | L78: 22.29 | M78: 41.65 | N78: =VALUE(SUBSTITUTE(M78," GBP","")) -> 41.65 | O78: 81 | P78: 40 | Q78: LON-B2 | R78: =UPPER(TRIM(Q78)) -> LON-B2 | S78: 45523
A79: PRD00078 | B79: EC-HEA-0078 | C79: =UPPER(TRIM(B79)) -> EC-HEA-0078 | D79: Cedar Lane Pro First Aid Kit | E79: =TRIM(D79) -> Cedar Lane Pro First Aid Kit | F79: Health | G79: =PROPER(TRIM(F79)) -> Health | H79: Cedar Lane | I79: {=PROPER(IF(TRIM(H79)<>"",TRIM(H79),IFERROR(INDEX('Brand Reference'!$A$2:$A$13,MATCH(TRUE,ISNUMBER(SEARCH('Brand Reference'!$A$2:$A$13,E79)),0)),"Unknown")))} -> Cedar Lane | J79: Aster Wholesale Ltd | K79: =IF(J79="","Unknown",TRIM(PROPER(J79))) -> Aster Wholesale Ltd | L79: 23.07 | M79: 42.42 | N79: =VALUE(SUBSTITUTE(M79," GBP","")) -> 42.42 | O79: 151 | P79: 12 | Q79: BHM-C3 | R79: =UPPER(TRIM(Q79)) -> BHM-C3 | S79: 46072
A80: PRD00079 | B80: EC-ELE-0079 | C80: =UPPER(TRIM(B80)) -> EC-ELE-0079 | D80: Everyday Co. Everyday Webcam | E80: =TRIM(D80) -> Everyday Co. Everyday Webcam | F80: Electronics | G80: =PROPER(TRIM(F80)) -> Electronics | H80: Everyday Co. | I80: {=PROPER(IF(TRIM(H80)<>"",TRIM(H80),IFERROR(INDEX('Brand Reference'!$A$2:$A$13,MATCH(TRUE,ISNUMBER(SEARCH('Brand Reference'!$A$2:$A$13,E80)),0)),"Unknown")))} -> Everyday Co. | J80: Everwell Supply | K80: =IF(J80="","Unknown",TRIM(PROPER(J80))) -> Everwell Supply | L80: 7.85 | M80: 13.92 | N80: =VALUE(SUBSTITUTE(M80," GBP","")) -> 13.92 | O80: 140 | P80: 40 | Q80: man-a1 | R80: =UPPER(TRIM(Q80)) -> MAN-A1 | S80: 46201
A81: PRD00080 | B81: EC-HEA-0080 | C81: =UPPER(TRIM(B81)) -> EC-HEA-0080 | D81: Harbour & Hill Essential First Aid Kit | E81: =TRIM(D81) -> Harbour & Hill Essential First Aid Kit | F81: Health | G81: =PROPER(TRIM(F81)) -> Health | H81: HARBOUR & HILL | I81: {=PROPER(IF(TRIM(H81)<>"",TRIM(H81),IFERROR(INDEX('Brand Reference'!$A$2:$A$13,MATCH(TRUE,ISNUMBER(SEARCH('Brand Reference'!$A$2:$A$13,E81)),0)),"Unknown")))} -> Harbour & Hill | J81: Everwell Supply | K81: =IF(J81="","Unknown",TRIM(PROPER(J81))) -> Everwell Supply | L81: 69.94 | M81: 102.24 | N81: =VALUE(SUBSTITUTE(M81," GBP","")) -> 102.24 | O81: 15 | P81: 15 | Q81: LDS-B1 | R81: =UPPER(TRIM(Q81)) -> LDS-B1 | S81: 45728
A82: PRD00081 | B82: EC-APP-0081 | C82: =UPPER(TRIM(B82)) -> EC-APP-0081 | D82: Kindred Eco Cotton T-Shirt - Rose | E82: =TRIM(D82) -> Kindred Eco Cotton T-Shirt - Rose | F82: Apparel | G82: =PROPER(TRIM(F82)) -> Apparel | H82: Kindred | I82: {=PROPER(IF(TRIM(H82)<>"",TRIM(H82),IFERROR(INDEX('Brand Reference'!$A$2:$A$13,MATCH(TRUE,ISNUMBER(SEARCH('Brand Reference'!$A$2:$A$13,E82)),0)),"Unknown")))} -> Kindred | J82: Juniper Merchants | K82: =IF(J82="","Unknown",TRIM(PROPER(J82))) -> Juniper Merchants | L82: 10.6 | M82: 18.8 | N82: =VALUE(SUBSTITUTE(M82," GBP","")) -> 18.8 | O82: 171 | P82: 30 | Q82: GLA-A2 | R82: =UPPER(TRIM(Q82)) -> GLA-A2 | S82: 45717
A83: PRD00082 | B83: EC-GAR-0082 | C83: =UPPER(TRIM(B83)) -> EC-GAR-0082 | D83: Cedar Lane Deluxe Garden Gloves | E83: =TRIM(D83) -> Cedar Lane Deluxe Garden Gloves | F83: Garden | G83: =PROPER(TRIM(F83)) -> Garden | H83: Cedar Lane | I83: {=PROPER(IF(TRIM(H83)<>"",TRIM(H83),IFERROR(INDEX('Brand Reference'!$A$2:$A$13,MATCH(TRUE,ISNUMBER(SEARCH('Brand Reference'!$A$2:$A$13,E83)),0)),"Unknown")))} -> Cedar Lane | J83: Juniper Merchants | K83: =IF(J83="","Unknown",TRIM(PROPER(J83))) -> Juniper Merchants | L83: 78.56 | M83: 127.02 | N83: =VALUE(SUBSTITUTE(M83," GBP","")) -> 127.02 | O83: 260 | P83: 20 | Q83: LON-B2 | R83: =UPPER(TRIM(Q83)) -> LON-B2 | S83: 45368
A84: PRD00083 | B84: EC-STA-0083 | C84: =UPPER(TRIM(B84)) -> EC-STA-0083 | D84: Harbour & Hill Eco Notebook Set - Graphite | E84: =TRIM(D84) -> Harbour & Hill Eco Notebook Set - Graphite | F84: Stationery | G84: =PROPER(TRIM(F84)) -> Stationery | H84: Harbour & Hill | I84: {=PROPER(IF(TRIM(H84)<>"",TRIM(H84),IFERROR(INDEX('Brand Reference'!$A$2:$A$13,MATCH(TRUE,ISNUMBER(SEARCH('Brand Reference'!$A$2:$A$13,E84)),0)),"Unknown")))} -> Harbour & Hill | J84: Juniper Merchants | K84: =IF(J84="","Unknown",TRIM(PROPER(J84))) -> Juniper Merchants | L84: 83.9 | M84: 172 | N84: =VALUE(SUBSTITUTE(M84," GBP","")) -> 172 | O84: 30 | P84: 20 | Q84: gla-a2 | R84: =UPPER(TRIM(Q84)) -> GLA-A2 | S84: 45366
A85: PRD00084 | B85: EC-GAR-0084 | C85: =UPPER(TRIM(B85)) -> EC-GAR-0084 | D85: Oak & Ember Deluxe Plant Pot | E85: =TRIM(D85) -> Oak & Ember Deluxe Plant Pot | F85: Garden | G85: =PROPER(TRIM(F85)) -> Garden | H85: Oak & Ember | I85: {=PROPER(IF(TRIM(H85)<>"",TRIM(H85),IFERROR(INDEX('Brand Reference'!$A$2:$A$13,MATCH(TRUE,ISNUMBER(SEARCH('Brand Reference'!$A$2:$A$13,E85)),0)),"Unknown")))} -> Oak & Ember | J85: Greenway Goods | K85: =IF(J85="","Unknown",TRIM(PROPER(J85))) -> Greenway Goods | L85: 54.32 | M85: 105.29 | N85: =VALUE(SUBSTITUTE(M85," GBP","")) -> 105.29 | O85: 146 | P85: 25 | Q85: GLA-A2 | R85: =UPPER(TRIM(Q85)) -> GLA-A2 | S85: 46010
A86: PRD00085 | B86: EC-ELE-0085 | C86: =UPPER(TRIM(B86)) -> EC-ELE-0085 | D86: Harbour & Hill Travel Wireless Mouse | E86: =TRIM(D86) -> Harbour & Hill Travel Wireless Mouse | F86: Electronics | G86: =PROPER(TRIM(F86)) -> Electronics | H86: Harbour & Hill | I86: {=PROPER(IF(TRIM(H86)<>"",TRIM(H86),IFERROR(INDEX('Brand Reference'!$A$2:$A$13,MATCH(TRUE,ISNUMBER(SEARCH('Brand Reference'!$A$2:$A$13,E86)),0)),"Unknown")))} -> Harbour & Hill | J86: Aster Wholesale Ltd | K86: =IF(J86="","Unknown",TRIM(PROPER(J86))) -> Aster Wholesale Ltd | L86: 76.08 | M86: 133.19 | N86: =VALUE(SUBSTITUTE(M86," GBP","")) -> 133.19 | O86: 124 | P86: 30 | Q86: LON-A1 | R86: =UPPER(TRIM(Q86)) -> LON-A1 | S86: 46021
A87: PRD00086 | B87: EC-HOM-0086 | C87: =UPPER(TRIM(B87)) -> EC-HOM-0086 | D87: Urban Field Essential Water Bottle | E87: =TRIM(D87) -> Urban Field Essential Water Bottle | F87: Home & Office | G87: =PROPER(TRIM(F87)) -> Home & Office | H87: Urban Field | I87: {=PROPER(IF(TRIM(H87)<>"",TRIM(H87),IFERROR(INDEX('Brand Reference'!$A$2:$A$13,MATCH(TRUE,ISNUMBER(SEARCH('Brand Reference'!$A$2:$A$13,E87)),0)),"Unknown")))} -> Urban Field | J87: Ivory Peak Logistics | K87: =IF(J87="","Unknown",TRIM(PROPER(J87))) -> Ivory Peak Logistics | L87: 84.79 | M87: 129.14 | N87: =VALUE(SUBSTITUTE(M87," GBP","")) -> 129.14 | O87: 97 | P87: 25 | Q87: LON-A1 | R87: =UPPER(TRIM(Q87)) -> LON-A1 | S87: 45355
A88: PRD00087 | B88: EC-ELE-0087 | C88: =UPPER(TRIM(B88)) -> EC-ELE-0087 | D88: Brightline Deluxe Webcam | E88: =TRIM(D88) -> Brightline Deluxe Webcam | F88: Electronics | G88: =PROPER(TRIM(F88)) -> Electronics | H88: Brightline | I88: {=PROPER(IF(TRIM(H88)<>"",TRIM(H88),IFERROR(INDEX('Brand Reference'!$A$2:$A$13,MATCH(TRUE,ISNUMBER(SEARCH('Brand Reference'!$A$2:$A$13,E88)),0)),"Unknown")))} -> Brightline | J88: Foxbridge Partners | K88: =IF(J88="","Unknown",TRIM(PROPER(J88))) -> Foxbridge Partners | L88: 30.93 | M88: 59.31 | N88: =VALUE(SUBSTITUTE(M88," GBP","")) -> 59.31 | O88: 50 | P88: 30 | Q88: MAN-A1 | R88: =UPPER(TRIM(Q88)) -> MAN-A1 | S88: 45773
A89: PRD00088 | B89: EC-ELE-0088 | C89: =UPPER(TRIM(B89)) -> EC-ELE-0088 | D89: Everyday Co. Mini HDMI Cable | E89: =TRIM(D89) -> Everyday Co. Mini HDMI Cable | F89: electronics | G89: =PROPER(TRIM(F89)) -> Electronics | H89: Everyday Co. | I89: {=PROPER(IF(TRIM(H89)<>"",TRIM(H89),IFERROR(INDEX('Brand Reference'!$A$2:$A$13,MATCH(TRUE,ISNUMBER(SEARCH('Brand Reference'!$A$2:$A$13,E89)),0)),"Unknown")))} -> Everyday Co. | J89: Juniper Merchants | K89: =IF(J89="","Unknown",TRIM(PROPER(J89))) -> Juniper Merchants | L89: 36.47 | M89: 75.06 | N89: =VALUE(SUBSTITUTE(M89," GBP","")) -> 75.06 | O89: 97 | P89: 40 | Q89: LON-B2 | R89: =UPPER(TRIM(Q89)) -> LON-B2 | S89: 45990
A90: PRD00089 | B90: EC-ELE-0089 | C90: =UPPER(TRIM(B90)) -> EC-ELE-0089 | D90: PixelWorks Everyday Phone Charger | E90: =TRIM(D90) -> PixelWorks Everyday Phone Charger | F90: Electronics | G90: =PROPER(TRIM(F90)) -> Electronics | H90: PixelWorks | I90: {=PROPER(IF(TRIM(H90)<>"",TRIM(H90),IFERROR(INDEX('Brand Reference'!$A$2:$A$13,MATCH(TRUE,ISNUMBER(SEARCH('Brand Reference'!$A$2:$A$13,E90)),0)),"Unknown")))} -> Pixelworks | J90: Aster Wholesale Ltd | K90: =IF(J90="","Unknown",TRIM(PROPER(J90))) -> Aster Wholesale Ltd | L90: 80.9 | M90: 190.72 | N90: =VALUE(SUBSTITUTE(M90," GBP","")) -> 190.72 | O90: 216 | P90: 12 | Q90: LDS-B1 | R90: =UPPER(TRIM(Q90)) -> LDS-B1 | S90: 45478
A91: PRD00090 | B91: EC-ACC-0090 | C91: =UPPER(TRIM(B91)) -> EC-ACC-0090 | D91: Everyday Co. Essential Backpack - Blue | E91: =TRIM(D91) -> Everyday Co. Essential Backpack - Blue | F91: accessories | G91: =PROPER(TRIM(F91)) -> Accessories | H91: Everyday Co. | I91: {=PROPER(IF(TRIM(H91)<>"",TRIM(H91),IFERROR(INDEX('Brand Reference'!$A$2:$A$13,MATCH(TRUE,ISNUMBER(SEARCH('Brand Reference'!$A$2:$A$13,E91)),0)),"Unknown")))} -> Everyday Co. | J91: Greenway Goods | K91: =IF(J91="","Unknown",TRIM(PROPER(J91))) -> Greenway Goods | L91: 41.58 | M91: 90.31 | N91: =VALUE(SUBSTITUTE(M91," GBP","")) -> 90.31 | P91: 30 | Q91: LDS-B1 | R91: =UPPER(TRIM(Q91)) -> LDS-B1 | S91: 45663
A92: PRD00091 | B92: EC-APP-0091 | C92: =UPPER(TRIM(B92)) -> EC-APP-0091 | D92: Kindred Travel Running Socks - Natural | E92: =TRIM(D92) -> Kindred Travel Running Socks - Natural | F92: Apparel | G92: =PROPER(TRIM(F92)) -> Apparel | H92: Kindred | I92: {=PROPER(IF(TRIM(H92)<>"",TRIM(H92),IFERROR(INDEX('Brand Reference'!$A$2:$A$13,MATCH(TRUE,ISNUMBER(SEARCH('Brand Reference'!$A$2:$A$13,E92)),0)),"Unknown")))} -> Kindred | J92: Everwell Supply | K92: =IF(J92="","Unknown",TRIM(PROPER(J92))) -> Everwell Supply | L92: 11.22 | M92: 26.89 GBP | N92: =VALUE(SUBSTITUTE(M92," GBP","")) -> 26.89 | O92: 5 | P92: 12 | Q92: BHM-C3 | R92: =UPPER(TRIM(Q92)) -> BHM-C3 | S92: 45921
A93: PRD00092 | B93: EC-APP-0092 | C93: =UPPER(TRIM(B93)) -> EC-APP-0092 | D93: PixelWorks Compact Cotton T-Shirt | E93: =TRIM(D93) -> PixelWorks Compact Cotton T-Shirt | F93: Apparel | G93: =PROPER(TRIM(F93)) -> Apparel | H93: PixelWorks | I93: {=PROPER(IF(TRIM(H93)<>"",TRIM(H93),IFERROR(INDEX('Brand Reference'!$A$2:$A$13,MATCH(TRUE,ISNUMBER(SEARCH('Brand Reference'!$A$2:$A$13,E93)),0)),"Unknown")))} -> Pixelworks | J93: Juniper Merchants | K93: =IF(J93="","Unknown",TRIM(PROPER(J93))) -> Juniper Merchants | L93: 9.05 | M93: 19.87 | N93: =VALUE(SUBSTITUTE(M93," GBP","")) -> 19.87 | O93: 135 | P93: 25 | Q93: GLA-A2 | R93: =UPPER(TRIM(Q93)) -> GLA-A2 | S93: 46166
A94: PRD00093 | B94: EC-APP-0093 | C94: =UPPER(TRIM(B94)) -> EC-APP-0093 | D94: Kindred Studio Cotton T-Shirt - Natural | E94: =TRIM(D94) -> Kindred Studio Cotton T-Shirt - Natural | F94: Apparel | G94: =PROPER(TRIM(F94)) -> Apparel | H94: Kindred | I94: {=PROPER(IF(TRIM(H94)<>"",TRIM(H94),IFERROR(INDEX('Brand Reference'!$A$2:$A$13,MATCH(TRUE,ISNUMBER(SEARCH('Brand Reference'!$A$2:$A$13,E94)),0)),"Unknown")))} -> Kindred | J94: Greenway Goods | K94: =IF(J94="","Unknown",TRIM(PROPER(J94))) -> Greenway Goods | L94: 36.9 | M94: 51.2 | N94: =VALUE(SUBSTITUTE(M94," GBP","")) -> 51.2 | P94: 40 | Q94: LDS-B1 | R94: =UPPER(TRIM(Q94)) -> LDS-B1 | S94: 45886
A95: PRD00094 | B95: EC-HOM-0094 | C95: =UPPER(TRIM(B95)) -> EC-HOM-0094 | D95: Kindred Plus Water Bottle | E95: =TRIM(D95) -> Kindred Plus Water Bottle | F95: Home & Office | G95: =PROPER(TRIM(F95)) -> Home & Office | H95: kindred | I95: {=PROPER(IF(TRIM(H95)<>"",TRIM(H95),IFERROR(INDEX('Brand Reference'!$A$2:$A$13,MATCH(TRUE,ISNUMBER(SEARCH('Brand Reference'!$A$2:$A$13,E95)),0)),"Unknown")))} -> Kindred | J95: Juniper Merchants | K95: =IF(J95="","Unknown",TRIM(PROPER(J95))) -> Juniper Merchants | L95: 31.83 | M95: 61.08 | N95: =VALUE(SUBSTITUTE(M95," GBP","")) -> 61.08 | O95: 135 | P95: 20 | Q95: LON-B2 | R95: =UPPER(TRIM(Q95)) -> LON-B2 | S95: 45517
A96: PRD00095 | B96: EC-HOM-0095 | C96: =UPPER(TRIM(B96)) -> EC-HOM-0095 | D96: Kite & Key Studio Ergonomic Chair | E96: =TRIM(D96) -> Kite & Key Studio Ergonomic Chair | F96: Home & Office | G96: =PROPER(TRIM(F96)) -> Home & Office | H96: Kite & Key | I96: {=PROPER(IF(TRIM(H96)<>"",TRIM(H96),IFERROR(INDEX('Brand Reference'!$A$2:$A$13,MATCH(TRUE,ISNUMBER(SEARCH('Brand Reference'!$A$2:$A$13,E96)),0)),"Unknown")))} -> Kite & Key | J96: Greenway Goods | K96: =IF(J96="","Unknown",TRIM(PROPER(J96))) -> Greenway Goods | L96: 62.48 | M96: 150.33 | N96: =VALUE(SUBSTITUTE(M96," GBP","")) -> 150.33 | O96: 62 | P96: 25 | Q96: GLA-A2 | R96: =UPPER(TRIM(Q96)) -> GLA-A2
A97: PRD00096 | B97: EC-TRA-0096 | C97: =UPPER(TRIM(B97)) -> EC-TRA-0096 | D97: Harbour & Hill Eco Packing Cubes | E97: =TRIM(D97) -> Harbour & Hill Eco Packing Cubes | F97: travel | G97: =PROPER(TRIM(F97)) -> Travel | H97: Harbour & Hill | I97: {=PROPER(IF(TRIM(H97)<>"",TRIM(H97),IFERROR(INDEX('Brand Reference'!$A$2:$A$13,MATCH(TRUE,ISNUMBER(SEARCH('Brand Reference'!$A$2:$A$13,E97)),0)),"Unknown")))} -> Harbour & Hill | J97: Foxbridge Partners | K97: =IF(J97="","Unknown",TRIM(PROPER(J97))) -> Foxbridge Partners | L97: 74.18 | M97: 181.15 GBP | N97: =VALUE(SUBSTITUTE(M97," GBP","")) -> 181.15 | O97: 231 | P97: 25 | Q97: LON-A1 | R97: =UPPER(TRIM(Q97)) -> LON-A1 | S97: 46064
A98: PRD00097 | B98: EC-HOM-0097 | C98: =UPPER(TRIM(B98)) -> EC-HOM-0097 | D98: Kindred Mini LED Strip Lights | E98: =TRIM(D98) -> Kindred Mini LED Strip Lights | F98: Home & Office | G98: =PROPER(TRIM(F98)) -> Home & Office | H98: kindred | I98: {=PROPER(IF(TRIM(H98)<>"",TRIM(H98),IFERROR(INDEX('Brand Reference'!$A$2:$A$13,MATCH(TRUE,ISNUMBER(SEARCH('Brand Reference'!$A$2:$A$13,E98)),0)),"Unknown")))} -> Kindred | J98: Ivory Peak Logistics | K98: =IF(J98="","Unknown",TRIM(PROPER(J98))) -> Ivory Peak Logistics | L98: 3.03 | M98: 5.47 | N98: =VALUE(SUBSTITUTE(M98," GBP","")) -> 5.47 | O98: 22 | P98: 5 | Q98: GLA-A2 | R98: =UPPER(TRIM(Q98)) -> GLA-A2 | S98: 45894
A99: PRD00098 | B99: EC-ELE-0098 | C99: =UPPER(TRIM(B99)) -> EC-ELE-0098 | D99: PixelWorks Deluxe Webcam | E99: =TRIM(D99) -> PixelWorks Deluxe Webcam | F99: Electronics | G99: =PROPER(TRIM(F99)) -> Electronics | H99: PixelWorks | I99: {=PROPER(IF(TRIM(H99)<>"",TRIM(H99),IFERROR(INDEX('Brand Reference'!$A$2:$A$13,MATCH(TRUE,ISNUMBER(SEARCH('Brand Reference'!$A$2:$A$13,E99)),0)),"Unknown")))} -> Pixelworks | J99: Dovetail Trading Co. | K99: =IF(J99="","Unknown",TRIM(PROPER(J99))) -> Dovetail Trading Co. | L99: 77.92 | M99: 186.83 | N99: =VALUE(SUBSTITUTE(M99," GBP","")) -> 186.83 | O99: 131 | P99: 5 | Q99: LON-A1 | R99: =UPPER(TRIM(Q99)) -> LON-A1 | S99: 45714
A100: PRD00099 | B100: EC-APP-0099 | C100: =UPPER(TRIM(B100)) -> EC-APP-0099 | D100: Urban Field Classic Cotton T-Shirt | E100: =TRIM(D100) -> Urban Field Classic Cotton T-Shirt | F100: Apparel | G100: =PROPER(TRIM(F100)) -> Apparel | H100: Urban Field | I100: {=PROPER(IF(TRIM(H100)<>"",TRIM(H100),IFERROR(INDEX('Brand Reference'!$A$2:$A$13,MATCH(TRUE,ISNUMBER(SEARCH('Brand Reference'!$A$2:$A$13,E100)),0)),"Unknown")))} -> Urban Field | J100: Crownline Imports | K100: =IF(J100="","Unknown",TRIM(PROPER(J100))) -> Crownline Imports | L100: 81.77 | M100: 158.93 | N100: =VALUE(SUBSTITUTE(M100," GBP","")) -> 158.93 | O100: 52 | P100: 5 | Q100: LON-A1 | R100: =UPPER(TRIM(Q100)) -> LON-A1 | S100: 45884
A101: PRD00100 | B101: EC-APP-0100 | C101: =UPPER(TRIM(B101)) -> EC-APP-0100 | D101: Everyday Co. Plus Cotton T-Shirt | E101: =TRIM(D101) -> Everyday Co. Plus Cotton T-Shirt | F101: Apparel | G101: =PROPER(TRIM(F101)) -> Apparel | H101: EVERYDAY CO. | I101: {=PROPER(IF(TRIM(H101)<>"",TRIM(H101),IFERROR(INDEX('Brand Reference'!$A$2:$A$13,MATCH(TRUE,ISNUMBER(SEARCH('Brand Reference'!$A$2:$A$13,E101)),0)),"Unknown")))} -> Everyday Co. | J101: Harbour Stockists | K101: =IF(J101="","Unknown",TRIM(PROPER(J101))) -> Harbour Stockists | L101: 67.96 | M101: 97.12 | N101: =VALUE(SUBSTITUTE(M101," GBP","")) -> 97.12 | O101: 198 | P101: 5 | Q101: GLA-A2 | R101: =UPPER(TRIM(Q101)) -> GLA-A2 | S101: 45572
A102: PRD00101 | B102: EC-ELE-0101 | C102: =UPPER(TRIM(B102)) -> EC-ELE-0101 | D102: Oak & Ember Deluxe USB-C Hub | E102: =TRIM(D102) -> Oak & Ember Deluxe USB-C Hub | F102: Electronics | G102: =PROPER(TRIM(F102)) -> Electronics | H102: Oak & Ember | I102: {=PROPER(IF(TRIM(H102)<>"",TRIM(H102),IFERROR(INDEX('Brand Reference'!$A$2:$A$13,MATCH(TRUE,ISNUMBER(SEARCH('Brand Reference'!$A$2:$A$13,E102)),0)),"Unknown")))} -> Oak & Ember | J102: Crownline Imports | K102: =IF(J102="","Unknown",TRIM(PROPER(J102))) -> Crownline Imports | L102: 71.31 | M102: 130.88 GBP | N102: =VALUE(SUBSTITUTE(M102," GBP","")) -> 130.88 | O102: 26 | P102: 30 | Q102: MAN-A1 | R102: =UPPER(TRIM(Q102)) -> MAN-A1 | S102: 45930
A103: PRD00102 | B103: EC-GAR-0102 | C103: =UPPER(TRIM(B103)) -> EC-GAR-0102 | D103: Urban Field Studio Garden Gloves | E103: =TRIM(D103) -> Urban Field Studio Garden Gloves | F103: Garden | G103: =PROPER(TRIM(F103)) -> Garden | H103: Urban Field | I103: {=PROPER(IF(TRIM(H103)<>"",TRIM(H103),IFERROR(INDEX('Brand Reference'!$A$2:$A$13,MATCH(TRUE,ISNUMBER(SEARCH('Brand Reference'!$A$2:$A$13,E103)),0)),"Unknown")))} -> Urban Field | J103: Crownline Imports | K103: =IF(J103="","Unknown",TRIM(PROPER(J103))) -> Crownline Imports | L103: 7.87 | M103: 18.98 | N103: =VALUE(SUBSTITUTE(M103," GBP","")) -> 18.98 | O103: 211 | P103: 40 | Q103: LON-A1 | R103: =UPPER(TRIM(Q103)) -> LON-A1 | S103: 46195
...

Sheet Original_dataset
A1: product_id | B1: sku | C1: product_name | D1: category | E1: brand | F1: supplier | G1: unit_cost_gbp | H1: selling_price_gbp | I1: stock_quantity | J1: reorder_level | K1: warehouse_location | L1: last_restocked
A2: PRD00001 | B2: EC-ELE-0001 | C2: PixelWorks Travel Webcam | D2: Electronics | E2: PixelWorks | F2: Dovetail Trading Co. | G2: 81.1 | H2: 188.36 | I2: 215 | J2: 40 | K2: LON-A1 | L2: 46195
A3: PRD00002 | B3: EC-ELE-0002 | C3: Everyday Co. Pro Phone Charger | D3: Electronics | E3: Everyday Co. | F3: Everwell Supply | G3: 69.66 | H3: 146.54 GBP | I3: 160 | J3: 15 | K3: MAN-A1 | L3: not recorded
A4: PRD00003 | B4: ec-hom-0003 | C4: Kindred Travel LED Strip Lights | D4: Home & Office | E4: Kindred | F4: Juniper Merchants | G4: 9.62 | H4: 18.68 | I4: 147 | J4: 40 | K4: MAN-A1 | L4: 45580
A5: PRD00004 | B5: EC-KIT-0004 | C5: PixelWorks Essential Food Storage Set - Charcoal | D5: Kitchen | E5: PIXELWORKS | F5: Greenway Goods | G5: 75.97 | H5: 148.89 | I5: 59 | J5: 30 | K5: GLA-A2 | L5: 46297
A6: PRD00005 | B6: EC-ACC-0005 | C6: Kite & Key Essential Screen Protector | D6: Accessories | E6: Kite & Key | F6: Juniper Merchants | G6: 4.3 | H6: 6.87 | I6: 66 | J6: 5 | K6: BHM-C3 | L6: 45502
A7: PRD00006 | B7: EC-HOM-0006 | C7: Morrow Everyday Desk Lamp | D7: Home & Office | E7: MORROW | F7: Ivory Peak Logistics | G7: 40.02 | H7: 74.69 | I7: 128 | J7: 30 | K7: LDS-B1 | L7: 45922
A8: PRD00007 | B8: EC-BEA-0007 | C8: Harbour & Hill Deluxe Hand Cream | D8: Beauty | E8: HARBOUR & HILL | F8: Dovetail Trading Co. | G8: 24.48 | H8: 33.94 | J8: 40 | K8: MAN-A1 | L8: 46029
A9: PRD00008 | B9: EC-BEA-0008 | C9: Morrow Travel Shampoo | D9: beauty | E9: Morrow | F9: Bluegate Distribution | G9: 48.39 | H9: 113.62 | I9: 148 | J9: 25 | K9: BHM-C3 | L9: 46229
A10: PRD00009 | B10: EC-PET-0009 | C10: Oak & Ember Essential Dog Lead | D10: Pet Supplies | E10: Oak & Ember | G10: 71.95 | H10: 135.05 | I10: 32 | J10: 20 | K10: LON-A1 | L10: 46312
A11: PRD00010 | B11: EC-ACC-0010 | C11: Urban Field Essential Screen Protector - Black | D11: Accessories | E11: Urban Field | F11: Bluegate Distribution | G11: 39.56 | H11: 77.19 | I11: 42 | J11: 15 | K11: GLA-A2 | L11: 45799
A12: PRD00011 | B12: EC-GAR-0011 | C12: Oak & Ember Eco Garden Gloves - Rose | D12: Garden | E12: Oak & Ember | F12: Harbour Stockists | G12: 28.15 | H12: 56.06 | I12: 251 | J12: 12 | K12: GLA-A2 | L12: not recorded
A13: PRD00012 | B13: EC-TRA-0012 | C13: Kindred Travel Packing Cubes - Sage | D13: Travel | E13: Kindred | F13: Crownline Imports | G13: 57.56 | H13: 136.91 | I13: 156 | J13: 30 | K13: GLA-A2 | L13: 46091
A14: PRD00013 | B14: EC-HOM-0013 | C14: Northstar Compact LED Strip Lights | D14: Home & Office | E14: Northstar | F14: Ivory Peak Logistics | G14: 6.45 | H14: 11.17 | I14: 180 | J14: 5 | K14: BHM-C3 | L14: 45344
A15: PRD00014 | B15: ec-fit-0014 | C15: Morrow Mini Yoga Mat | D15: Fitness | E15: Morrow | F15: Greenway Goods | G15: 40.83 | H15: 82.9 | I15: 87 | J15: 12 | K15: GLA-A2 | L15: 45715
A16: PRD00015 | B16: EC-BEA-0015 | C16: Kite & Key Everyday Facial Cleanser | D16: Beauty | E16: KITE & KEY | F16: Harbour Stockists | G16: 5.03 | H16: 10.37 | I16: 88 | J16: 5 | K16: LDS-B1 | L16: 45390
A17: PRD00016 | B17: EC-BEA-0016 | C17: Kindred Eco Hand Cream - Black | D17: Beauty | E17: KINDRED | F17: Greenway Goods | G17: 46.08 | H17: 102.02 GBP | I17: 70 | J17: 12 | K17: MAN-A1 | L17: 45672
A18: PRD00017 | B18: EC-GAR-0017 | C18: Harbour & Hill Compact Garden Gloves | D18: Garden | E18: Harbour & Hill | F18: Harbour Stockists | G18: 30.69 | H18: 50.33 GBP | I18: 254 | J18: 30 | K18: LON-B2 | L18: 45881
A19: PRD00018 | B19: EC-PET-0018 | C19: Morrow Essential Cat Toy | D19: Pet supplies | E19: Morrow | F19: Aster Wholesale Ltd | G19: 45.65 | H19: 75.38 | I19: 48 | J19: 15 | K19: lon-a1 | L19: 45765
A20: PRD00019 | B20: EC-KIT-0019 | C20: Harbour & Hill Travel Coffee Grinder | D20: kitchen | E20: Harbour & Hill | F20: Ivory Peak Logistics | G20: 31.34 | H20: 47.71 | I20: 110 | J20: 10 | K20: GLA-A2 | L20: 45866
A21: PRD00020 | B21: EC-HOM-0020 | C21: Kite & Key Pro Water Bottle | D21: Home & Office | E21: Kite & Key | F21: Crownline Imports | G21: 48.21 | H21: 70.46 | I21: 135 | J21: 10 | K21: LON-A1 | L21: 46185
A22: PRD00021 | B22: EC-ELE-0021 | C22: PixelWorks Plus Laptop Stand | D22: Electronics | E22: PIXELWORKS | F22: Crownline Imports | G22: 11 | H22: 18.64 | I22: 32 | J22: 20 | K22: MAN-A1 | L22: 45936
A23: PRD00022 | B23: EC-ELE-0022 | C23: Northstar Deluxe Mechanical Keyboard | D23: Electronics | E23: Northstar | F23: Bluegate Distribution | G23: 3.48 | H23: 5.07 GBP | I23: 11 | J23: 20 | K23: LDS-B1 | L23: 45543
A24: PRD00023 | B24: EC-BOO-0023 | C24: PixelWorks Mini Cookbook | D24: Books | E24: PixelWorks | F24: Juniper Merchants | G24: 56.41 | H24: 114.32 | I24: 206 | J24: 25 | K24: bhm-c3 | L24: 45733
A25: PRD00024 | B25: EC-ELE-0024 | C25: Nova Supply Mini Webcam | D25: Electronics | E25: Nova Supply | F25: Aster Wholesale Ltd | G25: 78.69 | H25: 139.91 | I25: 182 | J25: 5 | K25: MAN-A1 | L25: 46186
A26: PRD00025 | B26: EC-KIT-0025 | C26: Oak & Ember Plus Coffee Grinder | D26: kitchen | E26: Oak & Ember | F26: Ivory Peak Logistics | G26: 36.7 | H26: 73.19 | I26: 10 | J26: 25 | K26: LON-A1 | L26: 45696
A27: PRD00026 | B27: EC-ELE-0026 | C27: Urban Field Studio Webcam - White | D27: Electronics | E27: urban field | F27: Juniper Merchants | G27: 12.61 | H27: 21.93 GBP | I27: 154 | J27: 5 | K27: LON-B2 | L27: 46161
A28: PRD00027 | B28: EC-ACC-0027 | C28: Harbour & Hill Deluxe Screen Protector | D28: Accessories | E28: Harbour & Hill | F28: Everwell Supply | G28: 57.06 | H28: 125.67 | I28: 93 | J28: 5 | K28: LON-B2 | L28: 46104
A29: PRD00028 | B29: EC-ELE-0028 | C29: Northstar Pro USB-C Hub | D29: electronics | E29: Northstar | F29: Ivory Peak Logistics | G29: 24.04 | H29: 40.78 | I29: 45 | J29: 12 | K29: MAN-A1 | L29: 45369
A30: PRD00029 | B30: ec-pet-0029 | C30: Kindred Mini Cat Toy | D30: Pet supplies | E30: kindred | F30: Ivory Peak Logistics | G30: 3.14 | H30: 7.62 | I30: 240 | J30: 5 | K30: LON-B2 | L30: 45746
A31: PRD00030 | B31: EC-ACC-0030 | C31: Kindred Mini Phone Case | D31: Accessories | E31: KINDRED | F31: Harbour Stockists | G31: 25.03 | H31: 57.5 | I31: 191 | J31: 25 | K31: GLA-A2 | L31: 46232
A32: PRD00031 | B32: EC-HOM-0031 | C32: Oak & Ember Everyday Desk Organiser | D32: Home & Office | E32: Oak & Ember | F32: Crownline Imports | G32: 14.93 | H32: 34.83 | I32: 181 | J32: 30 | K32: LON-A1 | L32: 45368
A33: PRD00032 | B33: EC-KIT-0032 | C33: Cedar Lane Plus Food Storage Set - Sage | D33: Kitchen | E33: Cedar Lane | F33: Juniper Merchants | G33: 63.43 | H33: 155.32 GBP | I33: 9 | J33: 15 | K33: LON-A1 | L33: 45920
A34: PRD00033 | B34: EC-HOM-0033 | C34: Cedar Lane Travel LED Strip Lights | D34: Home and office | E34: Cedar Lane | F34: Everwell Supply | G34: 10.89 | H34: 16.4 | I34: 199 | J34: 25 | K34: lon-a1 | L34: 45827
A35: PRD00034 | B35: EC-HOM-0034 | C35: Nova Supply Everyday Desk Organiser | D35: Home & Office | E35: Nova Supply | F35: Aster Wholesale Ltd | G35: 26.65 | H35: 44.35 | I35: 68 | J35: 30 | K35: GLA-A2 | L35: 45678
A36: PRD00035 | B36: EC-BEA-0035 | C36: Harbour & Hill Mini Hand Cream - Natural | D36: Beauty | E36: Harbour & Hill | F36: Bluegate Distribution | G36: 44.94 | H36: 69.55 | I36: 74 | J36: 12 | K36: GLA-A2 | L36: 45350
A37: PRD00036 | B37: EC-ELE-0036 | C37: PixelWorks Compact Wireless Mouse | D37: electronics | E37: PIXELWORKS | F37: Foxbridge Partners | G37: 46.26 | H37: 92.96 | I37: 127 | J37: 12 | K37: BHM-C3 | L37: 45509
A38: PRD00037 | B38: EC-ELE-0037 | C38: Harbour & Hill Pro Mechanical Keyboard | D38: Electronics | E38: Harbour & Hill | F38: Foxbridge Partners | G38: 11.93 | H38: 22.33 | I38: 255 | J38: 10 | K38: LDS-B1 | L38: 45797
A39: PRD00038 | B39: EC-HOM-0038 | C39: PixelWorks Compact Desk Organiser | D39: Home & Office | E39: PixelWorks | F39: Crownline Imports | G39: 9.48 | H39: 17.96 | I39: 159 | J39: 20 | K39: MAN-A1 | L39: 45754
A40: PRD00039 | B40: EC-PET-0039 | C40: Cedar Lane Mini Dog Lead | D40: Pet Supplies | E40: Cedar Lane | F40: Dovetail Trading Co. | G40: 62.13 | H40: 142.46 | I40: 206 | J40: 25 | K40: BHM-C3 | L40: 45653
A41: PRD00040 | B41: EC-KIT-0040 | C41: PixelWorks Deluxe Ceramic Mug | D41: Kitchen | E41: PixelWorks | F41: Foxbridge Partners | G41: 14.98 | H41: 32.47 | I41: 65 | J41: 30 | K41: LON-A1 | L41: 45840
A42: PRD00041 | B42: EC-ACC-0041 | C42: Morrow Pro Canvas Tote Bag | D42: Accessories | E42: Morrow | F42: Everwell Supply | G42: 24.41 | H42: 41.86 GBP | I42: 73 | J42: 10 | K42: GLA-A2 | L42: 45840
A43: PRD00042 | B43: EC-ACC-0042 | C43: Harbour & Hill Classic Phone Case | D43: Accessories | E43: Harbour & Hill | F43: Foxbridge Partners | G43: 58.02 | H43: 99.82 | I43: 253 | J43: 15 | K43: lds-b1 | L43: 46161
A44: PRD00043 | B44: ec-ele-0043 | C44: Harbour & Hill Plus Laptop Stand - Navy | D44: Electronics | E44: Harbour & Hill | F44: Harbour Stockists | G44: 48.48 | H44: 78.9 | I44: 171 | J44: 30 | K44: MAN-A1 | L44: 46266
A45: PRD00044 | B45: EC-ELE-0044 | C45: Brightline Eco Bluetooth Speaker | D45: electronics | E45: Brightline | G45: 80.2 | H45: 137.08 | I45: 107 | J45: 40 | K45: LDS-B1 | L45: 45859
A46: PRD00045 | B46: EC-ELE-0045 | C46: Cedar Lane Plus Phone Charger | D46: Electronics | E46: Cedar Lane | F46: Dovetail Trading Co. | G46: 3.14 | H46: 4.57 | I46: 168 | J46: 15 | K46: GLA-A2 | L46: 46241
A47: PRD00046 | B47: EC-STA-0046 | C47: Kindred Pro Notebook Set | D47: Stationery | E47: KINDRED | G47: 61.14 | H47: 128.35 | I47: 68 | J47: 10 | K47: bhm-c3 | L47: 45349
A48: PRD00047 | B48: EC-STA-0047 | C48: Cedar Lane Plus Ballpoint Pens | D48: Stationery | E48: Cedar Lane | F48: Foxbridge Partners | G48: 84.04 | H48: 197.62 GBP | I48: 174 | J48: 25 | K48: GLA-A2 | L48: 46003
A49: PRD00048 | B49: EC-APP-0048 | C49: Morrow Mini Running Socks - Sage | D49: Apparel | E49: Morrow | F49: Dovetail Trading Co. | G49: 42.77 | H49: 58.76 | I49: 187 | J49: 20 | K49: MAN-A1 | L49: 46246
A50: PRD00049 | B50: EC-PET-0049 | C50: Kindred Deluxe Dog Lead - Sage | D50: Pet Supplies | E50: Kindred | F50: Juniper Merchants | G50: 6.69 | H50: 12.06 | I50: 33 | J50: 20 | K50: LON-A1 | L50: 46280
A51: PRD00050 | B51: EC-PET-0050 | C51: Kite & Key Mini Cat Toy | D51: Pet Supplies | E51: Kite & Key | F51: Bluegate Distribution | G51: 30.32 | H51: 46.97 | I51: 89 | J51: 20 | K51: GLA-A2 | L51: 46076
A52: PRD00051 | B52: EC-ELE-0051 | C52: Morrow Everyday USB-C Hub | D52: Electronics | F52: Crownline Imports | G52: 73.03 | H52: 108.75 | I52: 108 | J52: 20 | K52: GLA-A2 | L52: 46292
A53: PRD00052 | B53: EC-FIT-0052 | C53: PixelWorks Eco Resistance Bands | D53: Fitness | E53: PixelWorks | F53: Juniper Merchants | G53: 62.33 | H53: 97.11 | I53: 78 | J53: 12 | K53: LON-A1 | L53: 45560
A54: PRD00053 | B54: ec-ele-0053 | C54: Oak & Ember Pro Bluetooth Speaker - Navy | D54: Electronics | E54: Oak & Ember | F54: Crownline Imports | G54: 81.94 | H54: 173.08 | I54: 65 | J54: 40 | K54: lds-b1 | L54: 45636
A55: PRD00054 | B55: EC-STA-0054 | C55: Nova Supply Premium Ballpoint Pens | D55: Stationery | E55: Nova Supply | F55: Ivory Peak Logistics | G55: 42.75 | H55: 83.39 | I55: 14 | J55: 20 | K55: MAN-A1 | L55: 45744
A56: PRD00055 | B56: EC-ELE-0055 | C56: Morrow Eco Phone Charger - Charcoal | D56: electronics | E56: Morrow | F56: Aster Wholesale Ltd | G56: 29.07 | H56: 62.1 | I56: 20 | J56: 40 | K56: LON-A1 | L56: not recorded
A57: PRD00056 | B57: EC-HOM-0056 | C57: Kindred Plus Desk Organiser | D57: Home & Office | E57: Kindred | F57: Dovetail Trading Co. | G57: 4.53 | H57: 8.62 GBP | I57: 46 | J57: 30 | K57: LON-B2 | L57: 46179
A58: PRD00057 | B58: EC-APP-0057 | C58: Nova Supply Essential Cotton T-Shirt | D58: Apparel | E58: Nova Supply | F58: Dovetail Trading Co. | G58: 46.57 | H58: 107.46 | I58: 216 | J58: 40 | K58: MAN-A1 | L58: 46035
A59: PRD00058 | B59: EC-ACC-0058 | C59: Cedar Lane Studio Sunglasses - Blue | D59: Accessories | E59: Cedar Lane | F59: Juniper Merchants | G59: 76.47 | H59: 165.4 | I59: 59 | J59: 10 | K59: LDS-B1 | L59: 46016
A60: PRD00059 | B60: EC-ELE-0059 | C60: Urban Field Everyday Webcam - Charcoal | D60: Electronics | E60: Urban Field | F60: Everwell Supply | G60: 80.69 | H60: 196.18 | I60: 15 | J60: 12 | K60: lds-b1 | L60: 45842
A61: PRD00060 | B61: EC-ACC-0060 | C61: Northstar Essential Phone Case | D61: Accessories | E61: Northstar | F61: Ivory Peak Logistics | G61: 24.81 | H61: 43.16 | I61: 70 | J61: 10 | K61: LON-B2 | L61: 45586
A62: PRD00061 | B62: EC-BEA-0061 | C62: Harbour & Hill Studio Facial Cleanser - Graphite | D62: Beauty | E62: Harbour & Hill | F62: Harbour Stockists | G62: 60.01 | H62: 117.99 | I62: 130 | J62: 10 | K62: MAN-A1 | L62: 46236
A63: PRD00062 | B63: EC-PET-0062 | C63: Cedar Lane Compact Cat Toy | D63: Pet Supplies | E63: Cedar Lane | F63: Juniper Merchants | G63: 8.87 | H63: 12.38 | I63: 231 | J63: 10 | K63: BHM-C3 | L63: 46083
A64: PRD00063 | B64: ec-bea-0063 | C64: Cedar Lane Classic Hand Cream | D64: Beauty | E64: Cedar Lane | F64: Aster Wholesale Ltd | G64: 13.32 | H64: 19.52 | I64: 47 | J64: 12 | K64: LON-A1 | L64: 45814
A65: PRD00064 | B65: EC-ELE-0064 | C65: Kite & Key Travel Mechanical Keyboard | D65: Electronics | E65: Kite & Key | F65: Dovetail Trading Co. | G65: 73.12 | H65: 125.65 | I65: 78 | J65: 20 | K65: man-a1 | L65: 46256
A66: PRD00065 | B66: EC-BEA-0065 | C66: Kindred Everyday Facial Cleanser - Charcoal | D66: Beauty | E66: Kindred | F66: Juniper Merchants | G66: 73.51 | H66: 124.52 | I66: 21 | J66: 40 | K66: LON-B2 | L66: 45802
A67: PRD00066 | B67: EC-HOM-0066 | C67: Everyday Co. Studio Ergonomic Chair | D67: Home & Office | E67: Everyday Co. | F67: Ivory Peak Logistics | G67: 42.18 | H67: 57.7 | I67: 111 | J67: 30 | K67: BHM-C3 | L67: 45361
A68: PRD00067 | B68: EC-HOM-0067 | C68: Brightline Travel Travel Mug | D68: Home & Office | E68: Brightline | F68: Ivory Peak Logistics | G68: 37.95 | H68: 81.93 | I68: 13 | J68: 25 | K68: lon-a1 | L68: 45632
A69: PRD00068 | B69: ec-kit-0068 | C69: Brightline Studio Food Storage Set | D69: Kitchen | E69: Brightline | F69: Aster Wholesale Ltd | G69: 40.06 | H69: 89.68 | I69: 54 | J69: 30 | K69: LON-B2 | L69: 46113
... A73: PRD00072 | B73: EC-HOM-0072 | C73: Cedar Lane Everyday Desk Organiser | D73: Home & Office | E73: cedar lane | F73: Dovetail Trading Co. | G73: 47.05 | H73: 75.33 | I73: 201 | J73: 40 | K73: LON-A1 | L73: 45471
A74: PRD00073 | B74: EC-ACC-0073 | C74: Harbour & Hill Travel Screen Protector | D74: Accessories | F74: Greenway Goods | G74: 53.75 | H74: 82.71 | I74: 84 | J74: 15 | K74: man-a1 | L74: 45982
A75: PRD00074 | B75: EC-STA-0074 | C75: Morrow Compact Notebook Set | D75: Stationery | E75: Morrow | F75: Foxbridge Partners | G75: 64.12 | H75: 95.75 | I75: 124 | J75: 40 | K75: LON-B2 | L75: 45597
A76: PRD00075 | B76: EC-GAR-0075 | C76: Everyday Co. Premium Plant Pot | D76: Garden | E76: Everyday Co. | F76: Bluegate Distribution | G76: 9.62 | H76: 20.37 | I76: 214 | J76: 25 | K76: LDS-B1 | L76: 46021
A77: PRD00076 | B77: EC-HOM-0076 | C77: Northstar Eco Desk Organiser - Sage | D77: Home & Office | E77: Northstar | F77: Ivory Peak Logistics | G77: 33.44 | H77: 54.15 | I77: 155 | J77: 12 | K77: LON-A1 | L77: 45920
A78: PRD00077 | B78: EC-KIT-0077 | C78: Kindred Premium Coffee Grinder | D78: Kitchen | F78: Bluegate Distribution | G78: 22.29 | H78: 41.65 | I78: 81 | J78: 40 | K78: LON-B2 | L78: 45523
A79: PRD00078 | B79: EC-HEA-0078 | C79: Cedar Lane Pro First Aid Kit | D79: Health | E79: Cedar Lane | F79: Aster Wholesale Ltd | G79: 23.07 | H79: 42.42 | I79: 151 | J79: 12 | K79: BHM-C3 | L79: 46072
A80: PRD00079 | B80: EC-ELE-0079 | C80: Everyday Co. Everyday Webcam | D80: Electronics | E80: Everyday Co. | F80: Everwell Supply | G80: 7.85 | H80: 13.92 | I80: 140 | J80: 40 | K80: man-a1 | L80: 46201
A81: PRD00080 | B81: EC-HEA-0080 | C81: Harbour & Hill Essential First Aid Kit | D81: Health | E81: HARBOUR & HILL | F81: Everwell Supply | G81: 69.94 | H81: 102.24 | I81: 15 | J81: 15 | K81: LDS-B1 | L81: 45728
A82: PRD00081 | B82: EC-APP-0081 | C82: Kindred Eco Cotton T-Shirt - Rose | D82: Apparel | E82: Kindred | F82: Juniper Merchants | G82: 10.6 | H82: 18.8 | I82: 171 | J82: 30 | K82: GLA-A2 | L82: 45717
A83: PRD00082 | B83: EC-GAR-0082 | C83: Cedar Lane Deluxe Garden Gloves | D83: Garden | E83: Cedar Lane | F83: Juniper Merchants | G83: 78.56 | H83: 127.02 | I83: 260 | J83: 20 | K83: LON-B2 | L83: 45368
A84: PRD00083 | B84: EC-STA-0083 | C84: Harbour & Hill Eco Notebook Set - Graphite | D84: Stationery | E84: Harbour & Hill | F84: Juniper Merchants | G84: 83.9 | H84: 172 | I84: 30 | J84: 20 | K84: gla-a2 | L84: 45366
A85: PRD00084 | B85: EC-GAR-0084 | C85: Oak & Ember Deluxe Plant Pot | D85: Garden | E85: Oak & Ember | F85: Greenway Goods | G85: 54.32 | H85: 105.29 | I85: 146 | J85: 25 | K85: GLA-A2 | L85: 46010
A86: PRD00085 | B86: EC-ELE-0085 | C86: Harbour & Hill Travel Wireless Mouse | D86: Electronics | E86: Harbour & Hill | F86: Aster Wholesale Ltd | G86: 76.08 | H86: 133.19 | I86: 124 | J86: 30 | K86: LON-A1 | L86: 46021
A87: PRD00086 | B87: EC-HOM-0086 | C87: Urban Field Essential Water Bottle | D87: Home & Office | E87: Urban Field | F87: Ivory Peak Logistics | G87: 84.79 | H87: 129.14 | I87: 97 | J87: 25 | K87: LON-A1 | L87: 45355
A88: PRD00087 | B88: EC-ELE-0087 | C88: Brightline Deluxe Webcam | D88: Electronics | E88: Brightline | F88: Foxbridge Partners | G88: 30.93 | H88: 59.31 | I88: 50 | J88: 30 | K88: MAN-A1 | L88: 45773
A89: PRD00088 | B89: EC-ELE-0088 | C89: Everyday Co. Mini HDMI Cable | D89: electronics | E89: Everyday Co. | F89: Juniper Merchants | G89: 36.47 | H89: 75.06 | I89: 97 | J89: 40 | K89: LON-B2 | L89: 45990
A90: PRD00089 | B90: EC-ELE-0089 | C90: PixelWorks Everyday Phone Charger | D90: Electronics | E90: PixelWorks | F90: Aster Wholesale Ltd | G90: 80.9 | H90: 190.72 | I90: 216 | J90: 12 | K90: LDS-B1 | L90: 45478
A91: PRD00090 | B91: EC-ACC-0090 | C91: Everyday Co. Essential Backpack - Blue | D91: accessories | E91: Everyday Co. | F91: Greenway Goods | G91: 41.58 | H91: 90.31 | J91: 30 | K91: LDS-B1 | L91: 45663
A92: PRD00091 | B92: EC-APP-0091 | C92: Kindred Travel Running Socks - Natural | D92: Apparel | E92: Kindred | F92: Everwell Supply | G92: 11.22 | H92: 26.89 GBP | I92: 5 | J92: 12 | K92: BHM-C3 | L92: 45921
A93: PRD00092 | B93: EC-APP-0092 | C93: PixelWorks Compact Cotton T-Shirt | D93: Apparel | E93: PIXELWORKS | F93: Juniper Merchants | G93: 9.05 | H93: 19.87 | I93: 135 | J93: 25 | K93: GLA-A2 | L93: 46166
A94: PRD00093 | B94: EC-APP-0093 | C94: Kindred Studio Cotton T-Shirt - Natural | D94: Apparel | E94: Kindred | F94: Greenway Goods | G94: 36.9 | H94: 51.2 | J94: 40 | K94: LDS-B1 | L94: 45886
A95: PRD00094 | B95: EC-HOM-0094 | C95: Kindred Plus Water Bottle | D95: Home & Office | E95: kindred | F95: Juniper Merchants | G95: 31.83 | H95: 61.08 | I95: 135 | J95: 20 | K95: LON-B2 | L95: 45517
A96: PRD00095 | B96: EC-HOM-0095 | C96: Kite & Key Studio Ergonomic Chair | D96: Home and office | E96: Kite & Key | F96: Greenway Goods | G96: 62.48 | H96: 150.33 | I96: 62 | J96: 25 | K96: GLA-A2 | L96: not recorded
A97: PRD00096 | B97: EC-TRA-0096 | C97: Harbour & Hill Eco Packing Cubes | D97: travel | E97: Harbour & Hill | F97: Foxbridge Partners | G97: 74.18 | H97: 181.15 GBP | I97: 231 | J97: 25 | K97: LON-A1 | L97: 46064
A98: PRD00097 | B98: EC-HOM-0097 | C98: Kindred Mini LED Strip Lights | D98: Home & Office | E98: kindred | F98: Ivory Peak Logistics | G98: 3.03 | H98: 5.47 | I98: 22 | J98: 5 | K98: GLA-A2 | L98: 45894
A99: PRD00098 | B99: EC-ELE-0098 | C99: PixelWorks Deluxe Webcam | D99: Electronics | E99: pixelworks | F99: Dovetail Trading Co. | G99: 77.92 | H99: 186.83 | I99: 131 | J99: 5 | K99: LON-A1 | L99: 45714
A100: PRD00099 | B100: EC-APP-0099 | C100: Urban Field Classic Cotton T-Shirt | D100: Apparel | E100: Urban Field | F100: Crownline Imports | G100: 81.77 | H100: 158.93 | I100: 52 | J100: 5 | K100: LON-A1 | L100: 45884
A101: PRD00100 | B101: EC-APP-0100 | C101: Everyday Co. Plus Cotton T-Shirt | D101: Apparel | E101: EVERYDAY CO. | F101: Harbour Stockists | G101: 67.96 | H101: 97.12 | I101: 198 | J101: 5 | K101: GLA-A2 | L101: 45572
A102: PRD00101 | B102: EC-ELE-0101 | C102: Oak & Ember Deluxe USB-C Hub | D102: Electronics | E102: Oak & Ember | F102: Crownline Imports | G102: 71.31 | H102: 130.88 GBP | I102: 26 | J102: 30 | K102: MAN-A1 | L102: 45930
A103: PRD00102 | B103: EC-GAR-0102 | C103: Urban Field Studio Garden Gloves | D103: Garden | E103: Urban Field | F103: Crownline Imports | G103: 7.87 | H103: 18.98 | I103: 211 | J103: 40 | K103: LON-A1 | L103: 46195
...

Sheet Brand Reference
A1: Brand Reference
A2: Oak & Ember
A3: Everyday Co.
A4: Harbour & Hill
A5: PixelWorks
A6: Morrow
A7: Kite & Key
A8: Urban Field
A9: Northstar
A10: Nova Supply
A11: Cedar Lane
A12: Kindred
A13: Brightline
